patient_key,n_patches,shape,regions_present,n_regions_present,binary_mean,boundary_mean,intervertebral_mean,ordinal_mean,ordinal_nonzero,status,patient_dir
N_1,8,"[958, 219]","[2, 3, 4, 5, 6, 7, 8]",7,0.20008935034275055,0.0922403633594513,0.11858071386814117,0.1090448647737503,65512,ok,/content/PATIENT_RECONSTRUCTED_PREDICTIONS_FROM_PATCHES/patients/N_1_curve_masked
N_10,8,"[921, 241]","[2, 3, 4, 5, 6, 7, 8]",7,0.1831950545310974,0.0840921700000763,0.10768770426511765,0.1294819563627243,79955,ok,/content/PATIENT_RECONSTRUCTED_PREDICTIONS_FROM_PATCHES/patients/N_10_curve_masked
N_11,8,"[874, 208]","[2, 3, 4, 5, 6, 7, 8]",7,0.18300718069076538,0.0857398584485054,0.109039805829525,0.12784986197948456,65138,ok,/content/PATIENT_RECONSTRUCTED_PREDICTIONS_FROM_PATCHES/patients/N_11_curve_masked
N_12,8,"[829, 148]","[2, 3, 4, 5, 6, 7, 8]",7,0.2555099129676819,0.11868348717689514,0.15112704038619995,0.17506368458271027,59653,ok,/content/PATIENT_RECONSTRUCTED_PREDICTIONS_FROM_PATCHES/patients/N_12_curve_masked
N_13,8,"[876, 179]","[2, 3, 4, 5, 6, 7, 8]",7,0.23030094802379608,0.10764418542385101,0.13716061413288116,0.14305655658245087,63203,ok,/content/PATIENT_RECONSTRUCTED_PREDICTIONS_FROM_PATCHES/patients/N_13_curve_masked
N_14,8,"[895, 189]","[2, 3, 4, 5, 6, 7, 8]",7,0.20385205745697021,0.09534312039613724,0.12067675590515137,0.11204499006271362,55530,ok,/content/PATIENT_RECONSTRUCTED_PREDICTIONS_FROM_PATCHES/patients/N_14_curve_masked
N_15,8,"[999, 210]","[2, 3, 4, 5, 6, 7, 8]",7,0.2299039363861084,0.10312800109386444,0.13631677627563477,0.09173396229743958,57537,ok,/content/PATIENT_RECONSTRUCTED_PREDICTIONS_FROM_PATCHES/patients/N_15_curve_masked
N_16,8,"[889, 259]","[2, 3, 4, 5, 6, 7, 8]",7,0.13342976570129395,0.06303233653306961,0.07922808825969696,0.10932771861553192,68228,ok,/content/PATIENT_RECONSTRUCTED_PREDICTIONS_FROM_PATCHES/patients/N_16_curve_masked
N_17,8,"[926, 170]","[2, 3, 4, 5, 6, 7, 8]",7,0.2220694124698639,0.10257274657487869,0.13166436553001404,0.14584854245185852,64169,ok,/content/PATIENT_RECONSTRUCTED_PREDICTIONS_FROM_PATCHES/patients/N_17_curve_masked
N_18,8,"[981, 194]","[2, 3, 4, 5, 6, 7, 8]",7,0.2118484377861023,0.09723402559757233,0.12499929219484329,0.12028355151414871,65698,ok,/content/PATIENT_RECONSTRUCTED_PREDICTIONS_FROM_PATCHES/patients/N_18_curve_masked
N_19,8,"[944, 207]","[2, 3, 4, 5, 6, 7, 8]",7,0.18949496746063232,0.0891154482960701,0.11330612748861313,0.11880878359079361,65759,ok,/content/PATIENT_RECONSTRUCTED_PREDICTIONS_FROM_PATCHES/patients/N_19_curve_masked
N_2,8,"[909, 240]","[2, 3, 4, 5, 6, 7, 8]",7,0.1813954859972,0.0831567794084549,0.107770174741745,0.1040673479437828,63771,ok,/content/PATIENT_RECONSTRUCTED_PREDICTIONS_FROM_PATCHES/patients/N_2_curve_masked
N_20,8,"[895, 188]","[2, 3, 4, 5, 6, 7, 8]",7,0.1861667037010193,0.08518495410680771,0.10915371030569077,0.1432168185710907,67381,ok,/content/PATIENT_RECONSTRUCTED_PREDICTIONS_FROM_PATCHES/patients/N_20_curve_masked
N_21,8,"[851, 229]","[2, 3, 4, 5, 6, 7, 8]",7,0.15597902238368988,0.07154642045497894,0.09090851247310638,0.11732061207294464,63663,ok,/content/PATIENT_RECONSTRUCTED_PREDICTIONS_FROM_PATCHES/patients/N_21_curve_masked
N_22,8,"[919, 193]","[2, 3, 4, 5, 6, 7, 8]",7,0.21997052431106567,0.10234270244836807,0.131184920668602,0.1326487809419632,65601,ok,/content/PATIENT_RECONSTRUCTED_PREDICTIONS_FROM_PATCHES/patients/N_22_curve_masked
N_23,8,"[885, 218]","[2, 3, 4, 5, 6, 7, 8]",7,0.17134080827236176,0.07949407398700714,0.10127681493759155,0.12380100786685944,65533,ok,/content/PATIENT_RECONSTRUCTED_PREDICTIONS_FROM_PATCHES/patients/N_23_curve_masked
N_24,8,"[946, 216]","[2, 3, 4, 5, 6, 7, 8]",7,0.2429063618183136,0.11063220351934433,0.14314377307891846,0.07993359118700027,51347,ok,/content/PATIENT_RECONSTRUCTED_PREDICTIONS_FROM_PATCHES/patients/N_24_curve_masked
N_25,8,"[909, 175]","[2, 3, 4, 5, 6, 7, 8]",7,0.22879905998706818,0.1084541380405426,0.1365913599729538,0.12547528743743896,57222,ok,/content/PATIENT_RECONSTRUCTED_PREDICTIONS_FROM_PATCHES/patients/N_25_curve_masked
N_26,8,"[987, 196]","[2, 3, 4, 5, 6, 7, 8]",7,0.20032615959644318,0.09631434082984924,0.1209852546453476,0.12168459594249725,66587,ok,/content/PATIENT_RECONSTRUCTED_PREDICTIONS_FROM_PATCHES/patients/N_26_curve_masked
N_27,8,"[915, 199]","[2, 3, 4, 5, 6, 7, 8]",7,0.19441251456737518,0.0930834710597992,0.11876353621482849,0.09573838114738464,51904,ok,/content/PATIENT_RECONSTRUCTED_PREDICTIONS_FROM_PATCHES/patients/N_27_curve_masked
N_28,8,"[908, 190]","[2, 3, 4, 5, 6, 7, 8]",7,0.1905956119298935,0.08920673280954361,0.11408473551273346,0.12561754882335663,61693,ok,/content/PATIENT_RECONSTRUCTED_PREDICTIONS_FROM_PATCHES/patients/N_28_curve_masked
N_29,8,"[879, 173]","[2, 3, 4, 5, 6, 7, 8]",7,0.20954453945159912,0.10017257183790207,0.12694084644317627,0.14591312408447266,62309,ok,/content/PATIENT_RECONSTRUCTED_PREDICTIONS_FROM_PATCHES/patients/N_29_curve_masked
N_3,8,"[942, 186]","[2, 3, 4, 5, 6, 7, 8]",7,0.2557021975517273,0.1179242879152298,0.15207543969154358,0.12275565415620804,62294,ok,/content/PATIENT_RECONSTRUCTED_PREDICTIONS_FROM_PATCHES/patients/N_3_curve_masked
N_30,8,"[846, 198]","[2, 3, 4, 5, 6, 7, 8]",7,0.16645880043506622,0.07983923703432083,0.09933862090110779,0.1296783983707428,60747,ok,/content/PATIENT_RECONSTRUCTED_PREDICTIONS_FROM_PATCHES/patients/N_30_curve_masked
N_31,8,"[967, 246]","[2, 3, 4, 5, 6, 7, 8]",7,0.1473570615053177,0.06864320486783981,0.08814175426959991,0.10754650831222534,70489,ok,/content/PATIENT_RECONSTRUCTED_PREDICTIONS_FROM_PATCHES/patients/N_31_curve_masked
N_32,8,"[875, 225]","[2, 3, 4, 5, 6, 7, 8]",7,0.15432208776474,0.0735447108745575,0.09334823489189148,0.12622074782848358,67691,ok,/content/PATIENT_RECONSTRUCTED_PREDICTIONS_FROM_PATCHES/patients/N_32_curve_masked
N_33,8,"[854, 206]","[2, 3, 4, 5, 6, 7, 8]",7,0.16604562103748322,0.07978449016809464,0.10078176856040955,0.12327471375465393,60978,ok,/content/PATIENT_RECONSTRUCTED_PREDICTIONS_FROM_PATCHES/patients/N_33_curve_masked
N_34,8,"[957, 174]","[2, 3, 4, 5, 6, 7, 8]",7,0.2881183624267578,0.13560505211353302,0.17385371029376984,0.09964299947023392,53247,ok,/content/PATIENT_RECONSTRUCTED_PREDICTIONS_FROM_PATCHES/patients/N_34_curve_masked
N_35,8,"[927, 209]","[2, 3, 4, 5, 6, 7, 8]",7,0.200566366314888,0.09477132558822632,0.11976584047079086,0.13053135573863983,71987,ok,/content/PATIENT_RECONSTRUCTED_PREDICTIONS_FROM_PATCHES/patients/N_35_curve_masked
N_36,8,"[865, 205]","[2, 3, 4, 5, 6, 7, 8]",7,0.19940504431724548,0.09337933361530304,0.1191549003124237,0.101646289229393,53804,ok,/content/PATIENT_RECONSTRUCTED_PREDICTIONS_FROM_PATCHES/patients/N_36_curve_masked
N_37,8,"[870, 203]","[2, 3, 4, 5, 6, 7, 8]",7,0.17461846768856049,0.08348991721868515,0.10572146624326706,0.13359598815441132,65282,ok,/content/PATIENT_RECONSTRUCTED_PREDICTIONS_FROM_PATCHES/patients/N_37_curve_masked
N_38,8,"[909, 191]","[2, 3, 4, 5, 6, 7, 8]",7,0.22403351962566376,0.10573317855596542,0.13351507484912872,0.11613137274980545,58948,ok,/content/PATIENT_RECONSTRUCTED_PREDICTIONS_FROM_PATCHES/patients/N_38_curve_masked
N_39,8,"[853, 191]","[2, 3, 4, 5, 6, 7, 8]",7,0.24296808242797852,0.1141590029001236,0.14683423936367035,0.10043357312679291,51007,ok,/content/PATIENT_RECONSTRUCTED_PREDICTIONS_FROM_PATCHES/patients/N_39_curve_masked
N_4,8,"[944, 182]","[2, 3, 4, 5, 6, 7, 8]",7,0.1765688955783844,0.08426012843847275,0.10690423101186752,0.13462090492248535,62349,ok,/content/PATIENT_RECONSTRUCTED_PREDICTIONS_FROM_PATCHES/patients/N_4_curve_masked
N_40,8,"[908, 259]","[2, 3, 4, 5, 6, 7, 8]",7,0.16661299765110016,0.08125126361846924,0.10151711106300354,0.06392111629247665,46770,ok,/content/PATIENT_RECONSTRUCTED_PREDICTIONS_FROM_PATCHES/patients/N_40_curve_masked
N_41,8,"[801, 148]","[2, 3, 4, 5, 6, 7, 8]",7,0.24958406388759613,0.11868936568498611,0.15126129984855652,0.1859668493270874,60569,ok,/content/PATIENT_RECONSTRUCTED_PREDICTIONS_FROM_PATCHES/patients/N_41_curve_masked
N_42,8,"[863, 162]","[2, 3, 4, 5, 6, 7, 8]",7,0.2147216796875,0.10406553745269775,0.1293993890285492,0.1608087122440338,62781,ok,/content/PATIENT_RECONSTRUCTED_PREDICTIONS_FROM_PATCHES/patients/N_42_curve_masked
N_43,8,"[882, 213]","[2, 3, 4, 5, 6, 7, 8]",7,0.15892808139324188,0.0763939917087555,0.09559189528226852,0.12096064537763596,63791,ok,/content/PATIENT_RECONSTRUCTED_PREDICTIONS_FROM_PATCHES/patients/N_43_curve_masked
N_44,8,"[891, 228]","[2, 3, 4, 5, 6, 7, 8]",7,0.1786971241235733,0.08405078202486038,0.10819479823112488,0.11711952835321426,67291,ok,/content/PATIENT_RECONSTRUCTED_PREDICTIONS_FROM_PATCHES/patients/N_44_curve_masked
N_45,8,"[910, 217]","[2, 3, 4, 5, 6, 7, 8]",7,0.16587723791599274,0.07768663018941879,0.09849142283201218,0.1047200933098793,59441,ok,/content/PATIENT_RECONSTRUCTED_PREDICTIONS_FROM_PATCHES/patients/N_45_curve_masked
N_46,8,"[926, 270]","[2, 3, 4, 5, 6, 7, 8]",7,0.1418391466140747,0.06624621152877808,0.08498223125934601,0.10631252080202103,74237,ok,/content/PATIENT_RECONSTRUCTED_PREDICTIONS_FROM_PATCHES/patients/N_46_curve_masked
N_47,8,"[842, 218]","[2, 3, 4, 5, 6, 7, 8]",7,0.1647510826587677,0.07821642607450485,0.09970349073410034,0.11750472337007523,59658,ok,/content/PATIENT_RECONSTRUCTED_PREDICTIONS_FROM_PATCHES/patients/N_47_curve_masked
N_48,8,"[898, 222]","[2, 3, 4, 5, 6, 7, 8]",7,0.17486515641212463,0.0823773667216301,0.10643360763788223,0.10695113241672516,60039,ok,/content/PATIENT_RECONSTRUCTED_PREDICTIONS_FROM_PATCHES/patients/N_48_curve_masked
N_49,8,"[876, 168]","[2, 3, 4, 5, 6, 7, 8]",7,0.2318747490644455,0.11017866432666779,0.14014017581939697,0.13265764713287354,57105,ok,/content/PATIENT_RECONSTRUCTED_PREDICTIONS_FROM_PATCHES/patients/N_49_curve_masked
N_5,8,"[772, 187]","[2, 3, 4, 5, 6, 7, 8]",7,0.21210798621177673,0.09816323965787888,0.12639683485031128,0.14370039105415344,58480,ok,/content/PATIENT_RECONSTRUCTED_PREDICTIONS_FROM_PATCHES/patients/N_5_curve_masked
N_50,8,"[946, 206]","[2, 3, 4, 5, 6, 7, 8]",7,0.20392270386219025,0.09489473700523376,0.12199646979570389,0.09803355485200882,56833,ok,/content/PATIENT_RECONSTRUCTED_PREDICTIONS_FROM_PATCHES/patients/N_50_curve_masked
N_51,8,"[932, 158]","[2, 3, 4, 5, 6, 7, 8]",7,0.24587617814540863,0.11336410790681839,0.14532150328159332,0.15252776443958282,64325,ok,/content/PATIENT_RECONSTRUCTED_PREDICTIONS_FROM_PATCHES/patients/N_51_curve_masked
N_52,8,"[907, 212]","[2, 3, 4, 5, 6, 7, 8]",7,0.20387324690818787,0.09754656255245209,0.12266748398542404,0.11429918557405472,62778,ok,/content/PATIENT_RECONSTRUCTED_PREDICTIONS_FROM_PATCHES/patients/N_52_curve_masked
N_53,8,"[882, 221]","[2, 3, 4, 5, 6, 7, 8]",7,0.15893644094467163,0.07544732838869095,0.0949418842792511,0.1169794425368309,63370,ok,/content/PATIENT_RECONSTRUCTED_PREDICTIONS_FROM_PATCHES/patients/N_53_curve_masked
N_54,8,"[952, 198]","[2, 3, 4, 5, 6, 7, 8]",7,0.19022910296916962,0.08998963236808777,0.11473102867603302,0.13312147557735443,69363,ok,/content/PATIENT_RECONSTRUCTED_PREDICTIONS_FROM_PATCHES/patients/N_54_curve_masked
N_55,8,"[937, 195]","[2, 3, 4, 5, 6, 7, 8]",7,0.18943682312965393,0.08724330365657806,0.11292052268981934,0.11573934555053711,59453,ok,/content/PATIENT_RECONSTRUCTED_PREDICTIONS_FROM_PATCHES/patients/N_55_curve_masked
N_56,8,"[927, 193]","[2, 3, 4, 5, 6, 7, 8]",7,0.1993255317211151,0.09155935794115067,0.11970404535531998,0.11467181146144867,58600,ok,/content/PATIENT_RECONSTRUCTED_PREDICTIONS_FROM_PATCHES/patients/N_56_curve_masked
N_57,8,"[930, 223]","[2, 3, 4, 5, 6, 7, 8]",7,0.17443279922008514,0.08205639570951462,0.1048111543059349,0.12613971531391144,73493,ok,/content/PATIENT_RECONSTRUCTED_PREDICTIONS_FROM_PATCHES/patients/N_57_curve_masked
N_58,8,"[931, 174]","[2, 3, 4, 5, 6, 7, 8]",7,0.21489828824996948,0.10101892054080963,0.12895582616329193,0.1415649801492691,64294,ok,/content/PATIENT_RECONSTRUCTED_PREDICTIONS_FROM_PATCHES/patients/N_58_curve_masked
N_59,8,"[951, 167]","[2, 3, 4, 5, 6, 7, 8]",7,0.2266596555709839,0.10585849732160568,0.13487741351127625,0.1409631073474884,63622,ok,/content/PATIENT_RECONSTRUCTED_PREDICTIONS_FROM_PATCHES/patients/N_59_curve_masked
N_6,8,"[880, 166]","[2, 3, 4, 5, 6, 7, 8]",7,0.20612205564975739,0.0949547290802002,0.12428386509418488,0.15294890105724335,61748,ok,/content/PATIENT_RECONSTRUCTED_PREDICTIONS_FROM_PATCHES/patients/N_6_curve_masked
N_60,8,"[918, 195]","[2, 3, 4, 5, 6, 7, 8]",7,0.1925864815711975,0.09015343338251114,0.11536698043346405,0.124142125248909,62383,ok,/content/PATIENT_RECONSTRUCTED_PREDICTIONS_FROM_PATCHES/patients/N_60_curve_masked
N_61,8,"[938, 384]","[2, 3, 4, 5, 6, 7, 8]",7,0.10487037897109985,0.05106955021619797,0.06330236792564392,0.08490569144487381,84493,ok,/content/PATIENT_RECONSTRUCTED_PREDICTIONS_FROM_PATCHES/patients/N_61_curve_masked
N_62,8,"[963, 238]","[2, 3, 4, 5, 6, 7, 8]",7,0.1948338747024536,0.09091247618198395,0.11713001877069473,0.09417980909347534,63603,ok,/content/PATIENT_RECONSTRUCTED_PREDICTIONS_FROM_PATCHES/patients/N_62_curve_masked
N_63,8,"[903, 165]","[2, 3, 4, 5, 6, 7, 8]",7,0.26446181535720825,0.12463952600955963,0.15837781131267548,0.11223666369915009,50926,ok,/content/PATIENT_RECONSTRUCTED_PREDICTIONS_FROM_PATCHES/patients/N_63_curve_masked
N_64,8,"[962, 181]","[2, 3, 4, 5, 6, 7, 8]",7,0.230912446975708,0.10731297731399536,0.13758812844753265,0.1250368356704712,62389,ok,/content/PATIENT_RECONSTRUCTED_PREDICTIONS_FROM_PATCHES/patients/N_64_curve_masked
N_65,8,"[927, 198]","[2, 3, 4, 5, 6, 7, 8]",7,0.19201549887657166,0.08972355723381042,0.1150655746459961,0.11834561824798584,61748,ok,/content/PATIENT_RECONSTRUCTED_PREDICTIONS_FROM_PATCHES/patients/N_65_curve_masked
N_66,8,"[930, 234]","[2, 3, 4, 5, 6, 7, 8]",7,0.1648135930299759,0.07900211960077286,0.09932813793420792,0.10186196863651276,63471,ok,/content/PATIENT_RECONSTRUCTED_PREDICTIONS_FROM_PATCHES/patients/N_66_curve_masked
N_67,8,"[989, 237]","[2, 3, 4, 5, 6, 7, 8]",7,0.18481898307800293,0.08748005330562592,0.11059246212244034,0.08347166329622269,58839,ok,/content/PATIENT_RECONSTRUCTED_PREDICTIONS_FROM_PATCHES/patients/N_67_curve_masked
N_68,8,"[984, 191]","[2, 3, 4, 5, 6, 7, 8]",7,0.21830303966999054,0.10382551699876785,0.13135811686515808,0.1191374883055687,63903,ok,/content/PATIENT_RECONSTRUCTED_PREDICTIONS_FROM_PATCHES/patients/N_68_curve_masked
N_69,8,"[959, 180]","[2, 3, 4, 5, 6, 7, 8]",7,0.26697635650634766,0.12378892302513123,0.15923866629600525,0.09148547053337097,49382,ok,/content/PATIENT_RECONSTRUCTED_PREDICTIONS_FROM_PATCHES/patients/N_69_curve_masked
N_7,8,"[943, 191]","[2, 3, 4, 5, 6, 7, 8]",7,0.25255075097084045,0.11577971279621124,0.14984580874443054,0.11835922300815582,61628,ok,/content/PATIENT_RECONSTRUCTED_PREDICTIONS_FROM_PATCHES/patients/N_7_curve_masked
N_70,8,"[900, 224]","[2, 3, 4, 5, 6, 7, 8]",7,0.22107088565826416,0.10245095193386078,0.13176453113555908,0.10447301715612411,63008,ok,/content/PATIENT_RECONSTRUCTED_PREDICTIONS_FROM_PATCHES/patients/N_70_curve_masked
N_71,8,"[941, 189]","[2, 3, 4, 5, 6, 7, 8]",7,0.19418303668498993,0.09017641097307205,0.11546400934457779,0.12364137172698975,63200,ok,/content/PATIENT_RECONSTRUCTED_PREDICTIONS_FROM_PATCHES/patients/N_71_curve_masked
N_8,8,"[777, 192]","[2, 3, 4, 5, 6, 7, 8]",7,0.16546045243740082,0.07960280776023865,0.09891001135110855,0.14424794912338257,59294,ok,/content/PATIENT_RECONSTRUCTED_PREDICTIONS_FROM_PATCHES/patients/N_8_curve_masked
N_9,8,"[816, 211]","[2, 3, 4, 5, 6, 7, 8]",7,0.19066587090492249,0.08812729269266129,0.11349095404148102,0.12050186842679977,58302,ok,/content/PATIENT_RECONSTRUCTED_PREDICTIONS_FROM_PATCHES/patients/N_9_curve_masked
S_100,8,"[1029, 523]","[2, 3, 4, 5, 6, 7, 8]",7,0.10944239795207977,0.05176934599876404,0.06479869037866592,0.07209081947803497,110141,skipped_exists,/content/PATIENT_RECONSTRUCTED_PREDICTIONS_FROM_PATCHES/patients/S_100_curve_masked
S_101,8,"[882, 309]","[2, 3, 4, 5, 6, 7, 8]",7,0.16962411999702454,0.0815916359424591,0.10165831446647644,0.13346216082572937,104317,ok,/content/PATIENT_RECONSTRUCTED_PREDICTIONS_FROM_PATCHES/patients/S_101_curve_masked
S_102,8,"[811, 298]","[2, 3, 4, 5, 6, 7, 8]",7,0.149412602186203,0.07187753915786743,0.09054125100374222,0.12261044234037399,80306,ok,/content/PATIENT_RECONSTRUCTED_PREDICTIONS_FROM_PATCHES/patients/S_102_curve_masked
S_103,8,"[833, 271]","[2, 3, 4, 5, 6, 7, 8]",7,0.14282670617103577,0.06989605724811554,0.08706603199243546,0.12030908465385437,75047,ok,/content/PATIENT_RECONSTRUCTED_PREDICTIONS_FROM_PATCHES/patients/S_103_curve_masked
S_104,8,"[895, 319]","[2, 3, 4, 5, 6, 7, 8]",7,0.13008162379264832,0.05967970937490463,0.07749196141958237,0.08245525509119034,65409,ok,/content/PATIENT_RECONSTRUCTED_PREDICTIONS_FROM_PATCHES/patients/S_104_curve_masked
S_105,8,"[759, 346]","[1, 2, 3, 4, 5, 6, 7, 8]",8,0.11621231585741043,0.05710699409246445,0.07073882222175598,0.10193728655576706,74109,ok,/content/PATIENT_RECONSTRUCTED_PREDICTIONS_FROM_PATCHES/patients/S_105_curve_masked
S_106,8,"[724, 293]","[2, 3, 4, 5, 6, 7, 8]",7,0.10860791057348251,0.055110059678554535,0.06770143657922745,0.13468684256076813,76133,ok,/content/PATIENT_RECONSTRUCTED_PREDICTIONS_FROM_PATCHES/patients/S_106_curve_masked
S_108,8,"[851, 354]","[2, 3, 4, 5, 6, 7, 8]",7,0.1087050512433052,0.05260710045695305,0.06493248045444489,0.09261095523834229,78354,ok,/content/PATIENT_RECONSTRUCTED_PREDICTIONS_FROM_PATCHES/patients/S_108_curve_masked
S_109,8,"[804, 360]","[2, 3, 4, 5, 6, 7, 8]",7,0.11007274687290192,0.05328657850623131,0.06709189713001251,0.10266869515180588,83353,ok,/content/PATIENT_RECONSTRUCTED_PREDICTIONS_FROM_PATCHES/patients/S_109_curve_masked
S_110,8,"[1029, 582]","[2, 3, 4, 5, 6, 7, 8]",7,0.10095655918121338,0.04980553686618805,0.061828453093767166,0.0761449933052063,130421,ok,/content/PATIENT_RECONSTRUCTED_PREDICTIONS_FROM_PATCHES/patients/S_110_curve_masked
S_111,8,"[750, 271]","[2, 3, 4, 5, 6, 7, 8]",7,0.10122604668140411,0.051388226449489594,0.06249227747321129,0.133450448513031,72223,ok,/content/PATIENT_RECONSTRUCTED_PREDICTIONS_FROM_PATCHES/patients/S_111_curve_masked
S_113,8,"[915, 333]","[2, 3, 4, 5, 6, 7, 8]",7,0.13087375462055206,0.06180104985833168,0.07916106283664703,0.11209359019994736,96583,ok,/content/PATIENT_RECONSTRUCTED_PREDICTIONS_FROM_PATCHES/patients/S_113_curve_masked
S_114,8,"[790, 335]","[2, 3, 4, 5, 6, 7, 8]",7,0.13998332619667053,0.06761078536510468,0.08546459674835205,0.10759162902832031,80318,ok,/content/PATIENT_RECONSTRUCTED_PREDICTIONS_FROM_PATCHES/patients/S_114_curve_masked
S_115,8,"[824, 259]","[2, 3, 4, 5, 6, 7, 8]",7,0.1017179861664772,0.05281763896346092,0.06358622014522552,0.1407916396856308,80084,ok,/content/PATIENT_RECONSTRUCTED_PREDICTIONS_FROM_PATCHES/patients/S_115_curve_masked
S_118,8,"[855, 322]","[2, 3, 4, 5, 6, 7, 8]",7,0.1213623657822609,0.05872054025530815,0.07337857037782669,0.10870847851037979,82186,ok,/content/PATIENT_RECONSTRUCTED_PREDICTIONS_FROM_PATCHES/patients/S_118_curve_masked
S_119,8,"[807, 307]","[2, 3, 4, 5, 6, 7, 8]",7,0.12860216200351715,0.06114864721894264,0.07781020551919937,0.1167604848742485,80404,ok,/content/PATIENT_RECONSTRUCTED_PREDICTIONS_FROM_PATCHES/patients/S_119_curve_masked
S_120,8,"[831, 317]","[2, 3, 4, 5, 6, 7, 8]",7,0.12656724452972412,0.06177247315645218,0.07696306705474854,0.09647496044635773,72032,ok,/content/PATIENT_RECONSTRUCTED_PREDICTIONS_FROM_PATCHES/patients/S_120_curve_masked
S_121,8,"[741, 305]","[2, 3, 4, 5, 6, 7, 8]",7,0.13481998443603516,0.06447838246822357,0.08129797130823135,0.12567207217216492,78188,ok,/content/PATIENT_RECONSTRUCTED_PREDICTIONS_FROM_PATCHES/patients/S_121_curve_masked
S_122,8,"[814, 450]","[2, 3, 4, 5, 6, 7, 8]",7,0.09780837595462799,0.04779922217130661,0.05946682393550873,0.08120352774858475,83250,ok,/content/PATIENT_RECONSTRUCTED_PREDICTIONS_FROM_PATCHES/patients/S_122_curve_masked
S_123,8,"[848, 313]","[2, 3, 4, 5, 6, 7, 8]",7,0.09063312411308289,0.044666387140750885,0.05521080270409584,0.09869230538606644,72373,ok,/content/PATIENT_RECONSTRUCTED_PREDICTIONS_FROM_PATCHES/patients/S_123_curve_masked
S_124,8,"[854, 310]","[1, 2, 3, 4, 5, 6, 7, 8]",8,0.1101977527141571,0.053141575306653976,0.06621835380792618,0.10769998282194138,78634,ok,/content/PATIENT_RECONSTRUCTED_PREDICTIONS_FROM_PATCHES/patients/S_124_curve_masked
S_125,8,"[784, 336]","[2, 3, 4, 5, 6, 7, 8]",7,0.0807773619890213,0.040863778442144394,0.04945307970046997,0.10651156306266785,76988,ok,/content/PATIENT_RECONSTRUCTED_PREDICTIONS_FROM_PATCHES/patients/S_125_curve_masked
S_126,8,"[853, 414]","[2, 3, 4, 5, 6, 7, 8]",7,0.1155102550983429,0.05327708646655083,0.06948687881231308,0.07437776774168015,76511,ok,/content/PATIENT_RECONSTRUCTED_PREDICTIONS_FROM_PATCHES/patients/S_126_curve_masked
S_127,8,"[1029, 370]","[2, 3, 4, 5, 6, 7, 8]",7,0.14501164853572845,0.06758691370487213,0.08739253878593445,0.12436211109161377,132684,ok,/content/PATIENT_RECONSTRUCTED_PREDICTIONS_FROM_PATCHES/patients/S_127_curve_masked
S_128,8,"[818, 484]","[2, 3, 4, 5, 6, 7, 8]",7,0.09713041037321091,0.04532061889767647,0.05799863487482071,0.0748576670885086,83626,ok,/content/PATIENT_RECONSTRUCTED_PREDICTIONS_FROM_PATCHES/patients/S_128_curve_masked
S_129,8,"[721, 417]","[2, 3, 4, 5, 6, 7, 8]",7,0.1131676733493805,0.05335723236203194,0.06762915849685669,0.0946088656783104,80068,ok,/content/PATIENT_RECONSTRUCTED_PREDICTIONS_FROM_PATCHES/patients/S_129_curve_masked
S_130,8,"[775, 398]","[1, 2, 3, 4, 5, 6, 7, 8]",8,0.1085943803191185,0.05351492390036583,0.06666790693998337,0.09250686317682266,80804,ok,/content/PATIENT_RECONSTRUCTED_PREDICTIONS_FROM_PATCHES/patients/S_130_curve_masked
S_131,8,"[814, 352]","[2, 3, 4, 5, 6, 7, 8]",7,0.10590484738349915,0.05089271813631058,0.06453041732311249,0.09442047774791718,74642,ok,/content/PATIENT_RECONSTRUCTED_PREDICTIONS_FROM_PATCHES/patients/S_131_curve_masked
S_132,8,"[851, 295]","[2, 3, 4, 5, 6, 7, 8]",7,0.11239610612392426,0.05587701499462128,0.06966958940029144,0.10906600952148438,74643,ok,/content/PATIENT_RECONSTRUCTED_PREDICTIONS_FROM_PATCHES/patients/S_132_curve_masked
S_133,8,"[793, 271]","[2, 3, 4, 5, 6, 7, 8]",7,0.10653737932443619,0.0516953207552433,0.06480530649423599,0.12238438427448273,70731,ok,/content/PATIENT_RECONSTRUCTED_PREDICTIONS_FROM_PATCHES/patients/S_133_curve_masked
S_134,8,"[817, 310]","[2, 3, 4, 5, 6, 7, 8]",7,0.14496643841266632,0.06813327223062515,0.08754874765872955,0.098930723965168,71955,ok,/content/PATIENT_RECONSTRUCTED_PREDICTIONS_FROM_PATCHES/patients/S_134_curve_masked
S_135,8,"[787, 301]","[2, 3, 4, 5, 6, 7, 8]",7,0.09066732227802277,0.044936731457710266,0.055233366787433624,0.12525011599063873,78120,ok,/content/PATIENT_RECONSTRUCTED_PREDICTIONS_FROM_PATCHES/patients/S_135_curve_masked
S_136,8,"[727, 393]","[2, 3, 4, 5, 6, 7, 8]",7,0.08623243868350983,0.04140423610806465,0.052308205515146255,0.08987422287464142,70182,ok,/content/PATIENT_RECONSTRUCTED_PREDICTIONS_FROM_PATCHES/patients/S_136_curve_masked
S_137,8,"[974, 336]","[2, 3, 4, 5, 6, 7, 8]",7,0.16858136653900146,0.07786393910646439,0.1001712754368782,0.10357117652893066,100331,ok,/content/PATIENT_RECONSTRUCTED_PREDICTIONS_FROM_PATCHES/patients/S_137_curve_masked
S_138,8,"[887, 354]","[2, 3, 4, 5, 6, 7, 8]",7,0.09648601710796356,0.04765079915523529,0.05933988094329834,0.10342971235513687,88273,ok,/content/PATIENT_RECONSTRUCTED_PREDICTIONS_FROM_PATCHES/patients/S_138_curve_masked
S_139,8,"[732, 345]","[2, 3, 4, 5, 6, 7, 8]",7,0.12034791707992554,0.057631541043519974,0.07271726429462433,0.10948581248521805,77099,ok,/content/PATIENT_RECONSTRUCTED_PREDICTIONS_FROM_PATCHES/patients/S_139_curve_masked
S_140,8,"[762, 381]","[1, 2, 3, 4, 5, 6, 7, 8]",8,0.1121743693947792,0.05281085893511772,0.06710398197174072,0.08371052891016006,67782,ok,/content/PATIENT_RECONSTRUCTED_PREDICTIONS_FROM_PATCHES/patients/S_140_curve_masked
S_141,8,"[819, 348]","[1, 2, 3, 4, 5, 6, 7, 8]",8,0.10023665428161621,0.04896790161728859,0.06087947636842728,0.0942225232720375,72959,ok,/content/PATIENT_RECONSTRUCTED_PREDICTIONS_FROM_PATCHES/patients/S_141_curve_masked
S_142,8,"[1029, 352]","[2, 3, 4, 5, 6, 7, 8]",7,0.17926064133644104,0.08467978239059448,0.10913693159818649,0.12497346103191376,127719,ok,/content/PATIENT_RECONSTRUCTED_PREDICTIONS_FROM_PATCHES/patients/S_142_curve_masked
S_143,8,"[607, 334]","[2, 3, 4, 5, 6, 7, 8]",7,0.1480783224105835,0.072616808116436,0.08943641930818558,0.12155880779027939,67543,ok,/content/PATIENT_RECONSTRUCTED_PREDICTIONS_FROM_PATCHES/patients/S_143_curve_masked
S_144,8,"[875, 423]","[2, 3, 4, 5, 6, 7, 8]",7,0.12597842514514923,0.05855986103415489,0.07422635704278946,0.08655596524477005,91708,ok,/content/PATIENT_RECONSTRUCTED_PREDICTIONS_FROM_PATCHES/patients/S_144_curve_masked
S_145,8,"[745, 341]","[2, 3, 4, 5, 6, 7, 8]",7,0.10485369712114334,0.051677536219358444,0.0641539990901947,0.10910499095916748,75626,ok,/content/PATIENT_RECONSTRUCTED_PREDICTIONS_FROM_PATCHES/patients/S_145_curve_masked
S_146,8,"[704, 337]","[2, 3, 4, 5, 6, 7, 8]",7,0.08583412319421768,0.04332686960697174,0.052964892238378525,0.12757429480552673,82306,ok,/content/PATIENT_RECONSTRUCTED_PREDICTIONS_FROM_PATCHES/patients/S_146_curve_masked
S_147,8,"[680, 347]","[2, 3, 4, 5, 6, 7, 8]",7,0.08431128412485123,0.04208330437541008,0.05139356851577759,0.12532605230808258,77773,ok,/content/PATIENT_RECONSTRUCTED_PREDICTIONS_FROM_PATCHES/patients/S_147_curve_masked
S_148,8,"[752, 248]","[2, 3, 4, 5, 6, 7, 8]",7,0.13882862031459808,0.06677605211734772,0.08398137986660004,0.14186687767505646,73505,ok,/content/PATIENT_RECONSTRUCTED_PREDICTIONS_FROM_PATCHES/patients/S_148_curve_masked
S_149,8,"[763, 369]","[1, 2, 3, 4, 5, 6, 7, 8]",8,0.10086823254823685,0.047717269510030746,0.060842424631118774,0.08873461931943893,69618,ok,/content/PATIENT_RECONSTRUCTED_PREDICTIONS_FROM_PATCHES/patients/S_149_curve_masked
S_150,8,"[1029, 478]","[1, 2, 3, 4, 5, 6, 7, 8]",8,0.1183447390794754,0.0563291534781456,0.07146213948726654,0.09418646991252899,131079,ok,/content/PATIENT_RECONSTRUCTED_PREDICTIONS_FROM_PATCHES/patients/S_150_curve_masked
S_151,8,"[806, 297]","[1, 2, 3, 4, 5, 6, 7, 8]",8,0.14469777047634125,0.06948274374008179,0.08647052943706512,0.09908466041088104,67035,ok,/content/PATIENT_RECONSTRUCTED_PREDICTIONS_FROM_PATCHES/patients/S_151_curve_masked
S_152,8,"[778, 274]","[2, 3, 4, 5, 6, 7, 8]",7,0.08541695773601532,0.0441187247633934,0.053433917462825775,0.11976996064186096,66581,ok,/content/PATIENT_RECONSTRUCTED_PREDICTIONS_FROM_PATCHES/patients/S_152_curve_masked
S_153,8,"[776, 342]","[2, 3, 4, 5, 6, 7, 8]",7,0.07363279163837433,0.03818797692656517,0.04641321301460266,0.10106655210256577,70266,ok,/content/PATIENT_RECONSTRUCTED_PREDICTIONS_FROM_PATCHES/patients/S_153_curve_masked
S_154,8,"[747, 326]","[2, 3, 4, 5, 6, 7, 8]",7,0.08158718049526215,0.04192604124546051,0.05012955144047737,0.11048208177089691,70991,ok,/content/PATIENT_RECONSTRUCTED_PREDICTIONS_FROM_PATCHES/patients/S_154_curve_masked
S_155,8,"[728, 280]","[2, 3, 4, 5, 6, 7, 8]",7,0.0858536809682846,0.04509848728775978,0.0540580227971077,0.12158434838056564,66170,ok,/content/PATIENT_RECONSTRUCTED_PREDICTIONS_FROM_PATCHES/patients/S_155_curve_masked
S_156,8,"[764, 363]","[2, 3, 4, 5, 6, 7, 8]",7,0.09827150404453278,0.04802665114402771,0.05928973853588104,0.08716756105422974,66620,ok,/content/PATIENT_RECONSTRUCTED_PREDICTIONS_FROM_PATCHES/patients/S_156_curve_masked
S_157,8,"[854, 360]","[2, 3, 4, 5, 6, 7, 8]",7,0.08093816787004471,0.03953975439071655,0.0487624816596508,0.09172806143760681,78194,ok,/content/PATIENT_RECONSTRUCTED_PREDICTIONS_FROM_PATCHES/patients/S_157_curve_masked
S_158,8,"[715, 321]","[1, 2, 3, 4, 5, 6, 7, 8]",8,0.10191377252340317,0.05147076025605202,0.0627102479338646,0.12047015130519867,75044,ok,/content/PATIENT_RECONSTRUCTED_PREDICTIONS_FROM_PATCHES/patients/S_158_curve_masked
S_160,8,"[860, 313]","[2, 3, 4, 5, 6, 7, 8]",7,0.14473599195480347,0.06917674094438553,0.08737821131944656,0.10297804325819016,77449,ok,/content/PATIENT_RECONSTRUCTED_PREDICTIONS_FROM_PATCHES/patients/S_160_curve_masked
S_161,8,"[846, 247]","[2, 3, 4, 5, 6, 7, 8]",7,0.15814970433712006,0.07481539994478226,0.09404893219470978,0.11057768762111664,64670,ok,/content/PATIENT_RECONSTRUCTED_PREDICTIONS_FROM_PATCHES/patients/S_161_curve_masked
S_162,8,"[843, 261]","[2, 3, 4, 5, 6, 7, 8]",7,0.17496684193611145,0.0829753577709198,0.10566338151693344,0.1199265867471695,74224,ok,/content/PATIENT_RECONSTRUCTED_PREDICTIONS_FROM_PATCHES/patients/S_162_curve_masked
S_163,8,"[897, 344]","[2, 3, 4, 5, 6, 7, 8]",7,0.11167231947183609,0.05383056774735451,0.0677587017416954,0.07334809005260468,64040,ok,/content/PATIENT_RECONSTRUCTED_PREDICTIONS_FROM_PATCHES/patients/S_163_curve_masked
S_164,8,"[944, 256]","[2, 3, 4, 5, 6, 7, 8]",7,0.17894911766052246,0.08565589785575867,0.10872983932495117,0.13284581899642944,90411,ok,/content/PATIENT_RECONSTRUCTED_PREDICTIONS_FROM_PATCHES/patients/S_164_curve_masked
S_165,8,"[793, 407]","[2, 3, 4, 5, 6, 7, 8]",7,0.08109376579523087,0.03898906335234642,0.049025170505046844,0.08185683190822601,71619,ok,/content/PATIENT_RECONSTRUCTED_PREDICTIONS_FROM_PATCHES/patients/S_165_curve_masked
S_166,8,"[968, 331]","[1, 2, 3, 4, 5, 6, 7, 8]",8,0.1543741226196289,0.07420536130666733,0.09249653667211533,0.0816265195608139,76112,ok,/content/PATIENT_RECONSTRUCTED_PREDICTIONS_FROM_PATCHES/patients/S_166_curve_masked
S_167,8,"[756, 289]","[2, 3, 4, 5, 6, 7, 8]",7,0.09041649848222733,0.04598288983106613,0.05540205165743828,0.12149098515510559,69711,ok,/content/PATIENT_RECONSTRUCTED_PREDICTIONS_FROM_PATCHES/patients/S_167_curve_masked
S_168,8,"[782, 297]","[2, 3, 4, 5, 6, 7, 8]",7,0.08272082358598709,0.04272715002298355,0.05141637101769447,0.11193910986185074,68262,ok,/content/PATIENT_RECONSTRUCTED_PREDICTIONS_FROM_PATCHES/patients/S_168_curve_masked
S_169,8,"[851, 253]","[2, 3, 4, 5, 6, 7, 8]",7,0.1680615097284317,0.07801166921854019,0.10015643388032913,0.12079111486673355,72204,ok,/content/PATIENT_RECONSTRUCTED_PREDICTIONS_FROM_PATCHES/patients/S_169_curve_masked
S_170,8,"[833, 284]","[2, 3, 4, 5, 6, 7, 8]",7,0.13262704014778137,0.06528343260288239,0.08112625777721405,0.10395564138889313,68590,ok,/content/PATIENT_RECONSTRUCTED_PREDICTIONS_FROM_PATCHES/patients/S_170_curve_masked
S_171,8,"[1027, 278]","[2, 3, 4, 5, 6, 7, 8]",7,0.17134831845760345,0.08031155914068222,0.1026548519730568,0.09873740375041962,81672,ok,/content/PATIENT_RECONSTRUCTED_PREDICTIONS_FROM_PATCHES/patients/S_171_curve_masked
S_172,8,"[927, 338]","[2, 3, 4, 5, 6, 7, 8]",7,0.11001451313495636,0.052405744791030884,0.0666181817650795,0.07508272677659988,65216,ok,/content/PATIENT_RECONSTRUCTED_PREDICTIONS_FROM_PATCHES/patients/S_172_curve_masked
S_173,8,"[829, 252]","[1, 2, 3, 4, 5, 6, 7, 8]",8,0.14531302452087402,0.07125973701477051,0.08854007720947266,0.11642687767744064,67475,ok,/content/PATIENT_RECONSTRUCTED_PREDICTIONS_FROM_PATCHES/patients/S_173_curve_masked
S_174,8,"[838, 370]","[2, 3, 4, 5, 6, 7, 8]",7,0.1644981950521469,0.07760720700025558,0.09714573621749878,0.08837918937206268,79200,ok,/content/PATIENT_RECONSTRUCTED_PREDICTIONS_FROM_PATCHES/patients/S_174_curve_masked
S_175,8,"[738, 386]","[2, 3, 4, 5, 6, 7, 8]",7,0.09774456173181534,0.04762804135680199,0.05892200022935867,0.09185433387756348,70822,ok,/content/PATIENT_RECONSTRUCTED_PREDICTIONS_FROM_PATCHES/patients/S_175_curve_masked
S_176,8,"[1029, 326]","[2, 3, 4, 5, 6, 7, 8]",7,0.138030007481575,0.06629686802625656,0.08422842621803284,0.11305072158575058,104483,ok,/content/PATIENT_RECONSTRUCTED_PREDICTIONS_FROM_PATCHES/patients/S_176_curve_masked
S_178,8,"[731, 385]","[1, 2, 3, 4, 5, 6, 7, 8]",8,0.07956638187170029,0.040879521518945694,0.05007199943065643,0.10171765089035034,75874,ok,/content/PATIENT_RECONSTRUCTED_PREDICTIONS_FROM_PATCHES/patients/S_178_curve_masked
S_179,8,"[821, 244]","[2, 3, 4, 5, 6, 7, 8]",7,0.11068270355463028,0.05527826026082039,0.06761284172534943,0.12296982854604721,66189,ok,/content/PATIENT_RECONSTRUCTED_PREDICTIONS_FROM_PATCHES/patients/S_179_curve_masked
S_180,8,"[935, 266]","[2, 3, 4, 5, 6, 7, 8]",7,0.17482000589370728,0.08505219221115112,0.10590990632772446,0.12699583172798157,89202,ok,/content/PATIENT_RECONSTRUCTED_PREDICTIONS_FROM_PATCHES/patients/S_180_curve_masked
S_181,8,"[755, 290]","[2, 3, 4, 5, 6, 7, 8]",7,0.09185715764760971,0.04846331477165222,0.05692371726036072,0.13813996315002441,78667,ok,/content/PATIENT_RECONSTRUCTED_PREDICTIONS_FROM_PATCHES/patients/S_181_curve_masked
S_182,8,"[841, 285]","[2, 3, 4, 5, 6, 7, 8]",7,0.12511642277240753,0.061281125992536545,0.07673362642526627,0.11413370817899704,74315,ok,/content/PATIENT_RECONSTRUCTED_PREDICTIONS_FROM_PATCHES/patients/S_182_curve_masked
S_183,8,"[704, 326]","[2, 3, 4, 5, 6, 7, 8]",7,0.11143749207258224,0.056980159133672714,0.06873001903295517,0.1129109263420105,70184,ok,/content/PATIENT_RECONSTRUCTED_PREDICTIONS_FROM_PATCHES/patients/S_183_curve_masked
S_184,8,"[801, 406]","[2, 3, 4, 5, 6, 7, 8]",7,0.06749416887760162,0.03384697809815407,0.04128221422433853,0.07960470765829086,68859,ok,/content/PATIENT_RECONSTRUCTED_PREDICTIONS_FROM_PATCHES/patients/S_184_curve_masked
S_185,8,"[736, 331]","[2, 3, 4, 5, 6, 7, 8]",7,0.07535567134618759,0.03912302851676941,0.04674656316637993,0.10721023380756378,67320,ok,/content/PATIENT_RECONSTRUCTED_PREDICTIONS_FROM_PATCHES/patients/S_185_curve_masked
S_186,8,"[799, 303]","[2, 3, 4, 5, 6, 7, 8]",7,0.08319070190191269,0.04271771386265755,0.051234789192676544,0.11760972440242767,74741,ok,/content/PATIENT_RECONSTRUCTED_PREDICTIONS_FROM_PATCHES/patients/S_186_curve_masked
S_187,8,"[756, 317]","[2, 3, 4, 5, 6, 7, 8]",7,0.11894984543323517,0.0570310540497303,0.07136885076761246,0.09905994683504105,64825,ok,/content/PATIENT_RECONSTRUCTED_PREDICTIONS_FROM_PATCHES/patients/S_187_curve_masked
S_188,8,"[678, 302]","[2, 3, 4, 5, 6, 7, 8]",7,0.09785164892673492,0.04957987368106842,0.06024981290102005,0.12947238981723785,68635,ok,/content/PATIENT_RECONSTRUCTED_PREDICTIONS_FROM_PATCHES/patients/S_188_curve_masked
S_189,8,"[840, 288]","[2, 3, 4, 5, 6, 7, 8]",7,0.07963815331459045,0.04088011756539345,0.049474574625492096,0.12351388484239578,77599,ok,/content/PATIENT_RECONSTRUCTED_PREDICTIONS_FROM_PATCHES/patients/S_189_curve_masked
S_190,8,"[898, 286]","[2, 3, 4, 5, 6, 7, 8]",7,0.09041861444711685,0.04618224874138832,0.05616963654756546,0.10810553282499313,73363,ok,/content/PATIENT_RECONSTRUCTED_PREDICTIONS_FROM_PATCHES/patients/S_190_curve_masked
S_191,8,"[830, 421]","[2, 3, 4, 5, 6, 7, 8]",7,0.0964190885424614,0.047523751854896545,0.058796726167201996,0.08791058510541916,84370,ok,/content/PATIENT_RECONSTRUCTED_PREDICTIONS_FROM_PATCHES/patients/S_191_curve_masked
S_192,8,"[813, 216]","[2, 3, 4, 5, 6, 7, 8]",7,0.17510735988616943,0.0829085111618042,0.10605192184448242,0.1290028840303421,63225,ok,/content/PATIENT_RECONSTRUCTED_PREDICTIONS_FROM_PATCHES/patients/S_192_curve_masked
S_193,8,"[809, 269]","[2, 3, 4, 5, 6, 7, 8]",7,0.11883094906806946,0.058327123522758484,0.0713038221001625,0.11646512150764465,69636,ok,/content/PATIENT_RECONSTRUCTED_PREDICTIONS_FROM_PATCHES/patients/S_193_curve_masked
S_194,8,"[767, 205]","[2, 3, 4, 5, 6, 7, 8]",7,0.14986130595207214,0.0733364149928093,0.09193551540374756,0.15379852056503296,65209,ok,/content/PATIENT_RECONSTRUCTED_PREDICTIONS_FROM_PATCHES/patients/S_194_curve_masked
S_195,8,"[786, 353]","[2, 3, 4, 5, 6, 7, 8]",7,0.0967172384262085,0.04799715057015419,0.05874068662524223,0.0988648384809494,74445,ok,/content/PATIENT_RECONSTRUCTED_PREDICTIONS_FROM_PATCHES/patients/S_195_curve_masked
S_196,8,"[846, 233]","[2, 3, 4, 5, 6, 7, 8]",7,0.18479254841804504,0.0878041461110115,0.11196402460336685,0.11762122809886932,65158,ok,/content/PATIENT_RECONSTRUCTED_PREDICTIONS_FROM_PATCHES/patients/S_196_curve_masked
S_197,8,"[614, 428]","[2, 3, 4, 5, 6, 7, 8]",7,0.07032148540019989,0.03820699453353882,0.044926829636096954,0.0977182388305664,67530,ok,/content/PATIENT_RECONSTRUCTED_PREDICTIONS_FROM_PATCHES/patients/S_197_curve_masked
S_198,8,"[834, 378]","[2, 3, 4, 5, 6, 7, 8]",7,0.07870882004499435,0.038418564945459366,0.047237712889909744,0.07976099848747253,67300,ok,/content/PATIENT_RECONSTRUCTED_PREDICTIONS_FROM_PATCHES/patients/S_198_curve_masked
S_199,8,"[924, 358]","[2, 3, 4, 5, 6, 7, 8]",7,0.16226333379745483,0.0768396258354187,0.09752962738275528,0.10804206132888794,102347,ok,/content/PATIENT_RECONSTRUCTED_PREDICTIONS_FROM_PATCHES/patients/S_199_curve_masked
S_200,8,"[797, 352]","[2, 3, 4, 5, 6, 7, 8]",7,0.07576336711645126,0.03734072297811508,0.04577890411019325,0.09640664607286453,71685,ok,/content/PATIENT_RECONSTRUCTED_PREDICTIONS_FROM_PATCHES/patients/S_200_curve_masked
S_201,8,"[735, 360]","[2, 3, 4, 5, 6, 7, 8]",7,0.10360266268253326,0.050771564245224,0.06276772916316986,0.11133905500173569,78412,ok,/content/PATIENT_RECONSTRUCTED_PREDICTIONS_FROM_PATCHES/patients/S_201_curve_masked
S_202,8,"[838, 227]","[2, 3, 4, 5, 6, 7, 8]",7,0.1703990399837494,0.08296096324920654,0.1042390987277031,0.130752831697464,68711,ok,/content/PATIENT_RECONSTRUCTED_PREDICTIONS_FROM_PATCHES/patients/S_202_curve_masked
S_203,8,"[827, 302]","[2, 3, 4, 5, 6, 7, 8]",7,0.061120424419641495,0.03241979703307152,0.03848540410399437,0.09897661954164505,65070,ok,/content/PATIENT_RECONSTRUCTED_PREDICTIONS_FROM_PATCHES/patients/S_203_curve_masked
S_204,8,"[857, 213]","[2, 3, 4, 5, 6, 7, 8]",7,0.16689623892307281,0.08061996847391129,0.1015191525220871,0.13339181244373322,67507,ok,/content/PATIENT_RECONSTRUCTED_PREDICTIONS_FROM_PATCHES/patients/S_204_curve_masked
S_205,8,"[831, 280]","[2, 3, 4, 5, 6, 7, 8]",7,0.09086346626281738,0.04535374790430069,0.0562911182641983,0.10551333427429199,66087,ok,/content/PATIENT_RECONSTRUCTED_PREDICTIONS_FROM_PATCHES/patients/S_205_curve_masked
S_206,8,"[845, 284]","[2, 3, 4, 5, 6, 7, 8]",7,0.14459861814975739,0.07137244194746017,0.08955579996109009,0.097913458943367,67410,ok,/content/PATIENT_RECONSTRUCTED_PREDICTIONS_FROM_PATCHES/patients/S_206_curve_masked
S_21,8,"[779, 227]","[2, 3, 4, 5, 6, 7, 8]",7,0.1355125606060028,0.06591662019491196,0.0814373791217804,0.13634760677814484,64376,ok,/content/PATIENT_RECONSTRUCTED_PREDICTIONS_FROM_PATCHES/patients/S_21_curve_masked
S_22,8,"[974, 225]","[2, 3, 4, 5, 6, 7, 8]",7,0.19120807945728302,0.0889262706041336,0.11324310302734375,0.11707697063684464,71537,ok,/content/PATIENT_RECONSTRUCTED_PREDICTIONS_FROM_PATCHES/patients/S_22_curve_masked
S_23,8,"[828, 392]","[1, 2, 3, 4, 5, 6, 7, 8]",8,0.11014604568481445,0.05159791186451912,0.06536916643381119,0.06912333518266678,62586,ok,/content/PATIENT_RECONSTRUCTED_PREDICTIONS_FROM_PATCHES/patients/S_23_curve_masked
S_24,8,"[757, 361]","[2, 3, 4, 5, 6, 7, 8]",7,0.13274957239627838,0.06558384746313095,0.0810435339808464,0.08619141578674316,65973,ok,/content/PATIENT_RECONSTRUCTED_PREDICTIONS_FROM_PATCHES/patients/S_24_curve_masked
S_25,8,"[847, 368]","[2, 3, 4, 5, 6, 7, 8]",7,0.07216288149356842,0.03691306337714195,0.045241691172122955,0.08428041636943817,68742,ok,/content/PATIENT_RECONSTRUCTED_PREDICTIONS_FROM_PATCHES/patients/S_25_curve_masked
S_26,8,"[814, 235]","[2, 3, 4, 5, 6, 7, 8]",7,0.1729528158903122,0.08077728748321533,0.10471102595329285,0.13001608848571777,68863,ok,/content/PATIENT_RECONSTRUCTED_PREDICTIONS_FROM_PATCHES/patients/S_26_curve_masked
S_27,8,"[782, 374]","[2, 3, 4, 5, 6, 7, 8]",7,0.08424772322177887,0.04223961755633354,0.05090928077697754,0.08225306868553162,64486,ok,/content/PATIENT_RECONSTRUCTED_PREDICTIONS_FROM_PATCHES/patients/S_27_curve_masked
S_28,8,"[874, 293]","[1, 2, 3, 4, 5, 6, 7, 8]",8,0.1348496824502945,0.06368930637836456,0.08021702617406845,0.08909942209720612,63022,ok,/content/PATIENT_RECONSTRUCTED_PREDICTIONS_FROM_PATCHES/patients/S_28_curve_masked
S_29,8,"[824, 324]","[2, 3, 4, 5, 6, 7, 8]",7,0.10127606987953186,0.047536373138427734,0.06073309853672981,0.09054328501224518,65775,ok,/content/PATIENT_RECONSTRUCTED_PREDICTIONS_FROM_PATCHES/patients/S_29_curve_masked
S_30,8,"[885, 348]","[2, 3, 4, 5, 6, 7, 8]",7,0.15508046746253967,0.07444518804550171,0.09398908913135529,0.12709744274616241,107922,ok,/content/PATIENT_RECONSTRUCTED_PREDICTIONS_FROM_PATCHES/patients/S_30_curve_masked
S_31,8,"[683, 359]","[2, 3, 4, 5, 6, 7, 8]",7,0.11203815788030624,0.05406871438026428,0.06742819398641586,0.10259424895048141,69701,ok,/content/PATIENT_RECONSTRUCTED_PREDICTIONS_FROM_PATCHES/patients/S_31_curve_masked
S_32,8,"[858, 406]","[2, 3, 4, 5, 6, 7, 8]",7,0.11966215074062347,0.05603507161140442,0.0706191286444664,0.07213874161243439,71385,ok,/content/PATIENT_RECONSTRUCTED_PREDICTIONS_FROM_PATCHES/patients/S_32_curve_masked
S_33,8,"[796, 300]","[2, 3, 4, 5, 6, 7, 8]",7,0.12808391451835632,0.06316470354795456,0.07885253429412842,0.10444413125514984,68183,ok,/content/PATIENT_RECONSTRUCTED_PREDICTIONS_FROM_PATCHES/patients/S_33_curve_masked
S_34,8,"[744, 266]","[2, 3, 4, 5, 6, 7, 8]",7,0.07960732281208038,0.04332784563302994,0.049960143864154816,0.1326727569103241,68030,ok,/content/PATIENT_RECONSTRUCTED_PREDICTIONS_FROM_PATCHES/patients/S_34_curve_masked
S_35,8,"[965, 321]","[2, 3, 4, 5, 6, 7, 8]",7,0.14451555907726288,0.0693158358335495,0.08777298033237457,0.13237719237804413,112529,ok,/content/PATIENT_RECONSTRUCTED_PREDICTIONS_FROM_PATCHES/patients/S_35_curve_masked
S_36,8,"[863, 395]","[2, 3, 4, 5, 6, 7, 8]",7,0.07479152083396912,0.03878341242671013,0.04615536704659462,0.07363283634185791,69313,ok,/content/PATIENT_RECONSTRUCTED_PREDICTIONS_FROM_PATCHES/patients/S_36_curve_masked
S_37,8,"[979, 339]","[2, 3, 4, 5, 6, 7, 8]",7,0.13742181658744812,0.06547749042510986,0.08309914171695709,0.11519227921962738,105821,ok,/content/PATIENT_RECONSTRUCTED_PREDICTIONS_FROM_PATCHES/patients/S_37_curve_masked
S_38,8,"[988, 361]","[1, 2, 3, 4, 5, 6, 7, 8]",8,0.19025415182113647,0.08806339651346207,0.11236448585987091,0.10216143727302551,106403,ok,/content/PATIENT_RECONSTRUCTED_PREDICTIONS_FROM_PATCHES/patients/S_38_curve_masked
S_39,8,"[941, 271]","[1, 2, 3, 4, 5, 6, 7, 8]",8,0.15787537395954132,0.07116840779781342,0.09333712607622147,0.09229796379804611,65940,ok,/content/PATIENT_RECONSTRUCTED_PREDICTIONS_FROM_PATCHES/patients/S_39_curve_masked
S_40,8,"[906, 364]","[2, 3, 4, 5, 6, 7, 8]",7,0.09140259772539139,0.0429820753633976,0.054545603692531586,0.07677781581878662,68020,ok,/content/PATIENT_RECONSTRUCTED_PREDICTIONS_FROM_PATCHES/patients/S_40_curve_masked
S_41,8,"[799, 338]","[2, 3, 4, 5, 6, 7, 8]",7,0.12468418478965759,0.06007040664553642,0.07590596377849579,0.1038825586438179,76543,ok,/content/PATIENT_RECONSTRUCTED_PREDICTIONS_FROM_PATCHES/patients/S_41_curve_masked
S_42,8,"[708, 371]","[2, 3, 4, 5, 6, 7, 8]",7,0.06513988971710205,0.03280984237790108,0.0405237078666687,0.09766141325235367,66710,ok,/content/PATIENT_RECONSTRUCTED_PREDICTIONS_FROM_PATCHES/patients/S_42_curve_masked
S_43,8,"[869, 245]","[2, 3, 4, 5, 6, 7, 8]",7,0.1593772917985916,0.07634999603033066,0.09764169156551361,0.13086062669754028,75634,ok,/content/PATIENT_RECONSTRUCTED_PREDICTIONS_FROM_PATCHES/patients/S_43_curve_masked
S_44,8,"[818, 328]","[2, 3, 4, 5, 6, 7, 8]",7,0.13019126653671265,0.062023650854825974,0.07769234478473663,0.09918828308582306,74234,ok,/content/PATIENT_RECONSTRUCTED_PREDICTIONS_FROM_PATCHES/patients/S_44_curve_masked
S_45,8,"[852, 343]","[2, 3, 4, 5, 6, 7, 8]",7,0.07404175400733948,0.03704052045941353,0.045904822647571564,0.09505242854356766,75241,ok,/content/PATIENT_RECONSTRUCTED_PREDICTIONS_FROM_PATCHES/patients/S_45_curve_masked
S_46,8,"[839, 221]","[2, 3, 4, 5, 6, 7, 8]",7,0.17448392510414124,0.08206780254840851,0.10465576499700546,0.13345979154109955,68674,ok,/content/PATIENT_RECONSTRUCTED_PREDICTIONS_FROM_PATCHES/patients/S_46_curve_masked
S_47,8,"[746, 291]","[2, 3, 4, 5, 6, 7, 8]",7,0.12106915563344955,0.060202620923519135,0.07440405339002609,0.1317017674446106,75268,ok,/content/PATIENT_RECONSTRUCTED_PREDICTIONS_FROM_PATCHES/patients/S_47_curve_masked
S_48,8,"[932, 218]","[2, 3, 4, 5, 6, 7, 8]",7,0.22780467569828033,0.10606507956981659,0.1368231475353241,0.11759277433156967,68768,ok,/content/PATIENT_RECONSTRUCTED_PREDICTIONS_FROM_PATCHES/patients/S_48_curve_masked
S_49,8,"[756, 305]","[2, 3, 4, 5, 6, 7, 8]",7,0.08099959790706635,0.040140122175216675,0.04915973171591759,0.1168377622961998,71489,ok,/content/PATIENT_RECONSTRUCTED_PREDICTIONS_FROM_PATCHES/patients/S_49_curve_masked
S_50,8,"[804, 302]","[2, 3, 4, 5, 6, 7, 8]",7,0.13498687744140625,0.06512295454740524,0.08137668669223785,0.10018056631088257,67111,ok,/content/PATIENT_RECONSTRUCTED_PREDICTIONS_FROM_PATCHES/patients/S_50_curve_masked
S_51,8,"[769, 206]","[2, 3, 4, 5, 6, 7, 8]",7,0.13335974514484406,0.06496337056159973,0.08077066391706467,0.1637924164533615,68943,ok,/content/PATIENT_RECONSTRUCTED_PREDICTIONS_FROM_PATCHES/patients/S_51_curve_masked
S_52,8,"[808, 265]","[2, 3, 4, 5, 6, 7, 8]",7,0.1600182205438614,0.0771540030837059,0.09712108969688416,0.1309075504541397,77577,ok,/content/PATIENT_RECONSTRUCTED_PREDICTIONS_FROM_PATCHES/patients/S_52_curve_masked
S_53,8,"[964, 521]","[2, 3, 4, 5, 6, 7, 8]",7,0.12369649112224579,0.05860023573040962,0.07367920130491257,0.07703546434640884,111295,ok,/content/PATIENT_RECONSTRUCTED_PREDICTIONS_FROM_PATCHES/patients/S_53_curve_masked
S_54,8,"[684, 433]","[2, 3, 4, 5, 6, 7, 8]",7,0.08654700219631195,0.043770868331193924,0.05225059390068054,0.0896042063832283,70306,ok,/content/PATIENT_RECONSTRUCTED_PREDICTIONS_FROM_PATCHES/patients/S_54_curve_masked
S_55,8,"[858, 240]","[2, 3, 4, 5, 6, 7, 8]",7,0.18551892042160034,0.08733973652124405,0.11117561906576157,0.12909312546253204,74227,ok,/content/PATIENT_RECONSTRUCTED_PREDICTIONS_FROM_PATCHES/patients/S_55_curve_masked
S_56,8,"[802, 333]","[2, 3, 4, 5, 6, 7, 8]",7,0.1258392184972763,0.059030674397945404,0.07590098679065704,0.08545084297657013,63822,ok,/content/PATIENT_RECONSTRUCTED_PREDICTIONS_FROM_PATCHES/patients/S_56_curve_masked
S_57,8,"[908, 203]","[2, 3, 4, 5, 6, 7, 8]",7,0.22605685889720917,0.10570903867483139,0.13637889921665192,0.12912997603416443,67174,ok,/content/PATIENT_RECONSTRUCTED_PREDICTIONS_FROM_PATCHES/patients/S_57_curve_masked
S_58,8,"[731, 295]","[2, 3, 4, 5, 6, 7, 8]",7,0.08753485977649689,0.045365095138549805,0.05456220358610153,0.12063953280448914,69274,ok,/content/PATIENT_RECONSTRUCTED_PREDICTIONS_FROM_PATCHES/patients/S_58_curve_masked
S_59,8,"[960, 406]","[2, 3, 4, 5, 6, 7, 8]",7,0.15180400013923645,0.07206100225448608,0.0904160737991333,0.10932508111000061,121441,ok,/content/PATIENT_RECONSTRUCTED_PREDICTIONS_FROM_PATCHES/patients/S_59_curve_masked
S_60,8,"[779, 316]","[2, 3, 4, 5, 6, 7, 8]",7,0.08699560910463333,0.04506470263004303,0.0541396290063858,0.10738939791917801,69021,ok,/content/PATIENT_RECONSTRUCTED_PREDICTIONS_FROM_PATCHES/patients/S_60_curve_masked
S_61,8,"[821, 178]","[2, 3, 4, 5, 6, 7, 8]",7,0.2019442468881607,0.09774699807167053,0.12279991805553436,0.16381068527698517,66160,ok,/content/PATIENT_RECONSTRUCTED_PREDICTIONS_FROM_PATCHES/patients/S_61_curve_masked
S_62,8,"[870, 317]","[2, 3, 4, 5, 6, 7, 8]",7,0.09860589355230331,0.046697407960891724,0.05927536264061928,0.09007519483566284,67263,ok,/content/PATIENT_RECONSTRUCTED_PREDICTIONS_FROM_PATCHES/patients/S_62_curve_masked
S_63,8,"[823, 215]","[2, 3, 4, 5, 6, 7, 8]",7,0.17834800481796265,0.08390427380800247,0.10704431682825089,0.13644810020923615,66061,ok,/content/PATIENT_RECONSTRUCTED_PREDICTIONS_FROM_PATCHES/patients/S_63_curve_masked
S_64,8,"[720, 354]","[2, 3, 4, 5, 6, 7, 8]",7,0.07927949726581573,0.041858866810798645,0.050147682428359985,0.1156478300690651,76182,ok,/content/PATIENT_RECONSTRUCTED_PREDICTIONS_FROM_PATCHES/patients/S_64_curve_masked
S_65,8,"[819, 272]","[2, 3, 4, 5, 6, 7, 8]",7,0.17531953752040863,0.08509635925292969,0.10421685874462128,0.12456555664539337,77421,ok,/content/PATIENT_RECONSTRUCTED_PREDICTIONS_FROM_PATCHES/patients/S_65_curve_masked
S_66,8,"[909, 404]","[2, 3, 4, 5, 6, 7, 8]",7,0.10279444605112076,0.049219924956560135,0.061993278563022614,0.0915551707148552,91195,ok,/content/PATIENT_RECONSTRUCTED_PREDICTIONS_FROM_PATCHES/patients/S_66_curve_masked
S_67,8,"[781, 226]","[2, 3, 4, 5, 6, 7, 8]",7,0.17539212107658386,0.08618047833442688,0.1069789007306099,0.1254076361656189,61073,ok,/content/PATIENT_RECONSTRUCTED_PREDICTIONS_FROM_PATCHES/patients/S_67_curve_masked
S_68,8,"[856, 340]","[2, 3, 4, 5, 6, 7, 8]",7,0.077712282538414,0.038479506969451904,0.04733248054981232,0.0815303847193718,63904,ok,/content/PATIENT_RECONSTRUCTED_PREDICTIONS_FROM_PATCHES/patients/S_68_curve_masked
S_69,8,"[796, 233]","[2, 3, 4, 5, 6, 7, 8]",7,0.16646261513233185,0.08113337308168411,0.1003006249666214,0.12256886810064316,63981,ok,/content/PATIENT_RECONSTRUCTED_PREDICTIONS_FROM_PATCHES/patients/S_69_curve_masked
S_70,8,"[754, 401]","[2, 3, 4, 5, 6, 7, 8]",7,0.09337524324655533,0.04475155472755432,0.05565207451581955,0.09289152175188065,75546,ok,/content/PATIENT_RECONSTRUCTED_PREDICTIONS_FROM_PATCHES/patients/S_70_curve_masked
S_71,8,"[859, 235]","[2, 3, 4, 5, 6, 7, 8]",7,0.1732707917690277,0.08130131661891937,0.10382813215255737,0.12644222378730774,70471,ok,/content/PATIENT_RECONSTRUCTED_PREDICTIONS_FROM_PATCHES/patients/S_71_curve_masked
S_72,8,"[842, 366]","[2, 3, 4, 5, 6, 7, 8]",7,0.0712500810623169,0.0356031097471714,0.04377032071352005,0.0832105353474617,68225,ok,/content/PATIENT_RECONSTRUCTED_PREDICTIONS_FROM_PATCHES/patients/S_72_curve_masked
S_73,8,"[899, 223]","[2, 3, 4, 5, 6, 7, 8]",7,0.20316410064697266,0.09511566907167435,0.12136964499950409,0.11680860817432404,66360,ok,/content/PATIENT_RECONSTRUCTED_PREDICTIONS_FROM_PATCHES/patients/S_73_curve_masked
S_74,8,"[771, 276]","[2, 3, 4, 5, 6, 7, 8]",7,0.11040450632572174,0.055666081607341766,0.06740762293338776,0.12437427043914795,70099,ok,/content/PATIENT_RECONSTRUCTED_PREDICTIONS_FROM_PATCHES/patients/S_74_curve_masked
S_75,8,"[814, 205]","[1, 2, 3, 4, 5, 6, 7, 8]",8,0.19335214793682098,0.09198986738920212,0.11539503186941147,0.11835360527038574,56537,ok,/content/PATIENT_RECONSTRUCTED_PREDICTIONS_FROM_PATCHES/patients/S_75_curve_masked
S_76,8,"[748, 338]","[2, 3, 4, 5, 6, 7, 8]",7,0.09892739355564117,0.04840732738375664,0.06000085175037384,0.10362330824136734,71814,ok,/content/PATIENT_RECONSTRUCTED_PREDICTIONS_FROM_PATCHES/patients/S_76_curve_masked
S_77,8,"[862, 290]","[1, 2, 3, 4, 5, 6, 7, 8]",8,0.134438619017601,0.0644911378622055,0.0806296095252037,0.10312680900096893,71829,ok,/content/PATIENT_RECONSTRUCTED_PREDICTIONS_FROM_PATCHES/patients/S_77_curve_masked
S_78,8,"[824, 285]","[2, 3, 4, 5, 6, 7, 8]",7,0.07563046365976334,0.0365915521979332,0.0464421845972538,0.11139116436243057,67390,ok,/content/PATIENT_RECONSTRUCTED_PREDICTIONS_FROM_PATCHES/patients/S_78_curve_masked
S_79,8,"[825, 309]","[1, 2, 3, 4, 5, 6, 7, 8]",8,0.14456109702587128,0.07028018683195114,0.08693791180849075,0.09079591929912567,65232,ok,/content/PATIENT_RECONSTRUCTED_PREDICTIONS_FROM_PATCHES/patients/S_79_curve_masked
S_80,8,"[828, 341]","[2, 3, 4, 5, 6, 7, 8]",7,0.07490070909261703,0.03705139458179474,0.04561683163046837,0.09419774264097214,70609,ok,/content/PATIENT_RECONSTRUCTED_PREDICTIONS_FROM_PATCHES/patients/S_80_curve_masked
S_81,8,"[877, 232]","[2, 3, 4, 5, 6, 7, 8]",7,0.17474617063999176,0.08182680606842041,0.10421610623598099,0.11167789995670319,64062,ok,/content/PATIENT_RECONSTRUCTED_PREDICTIONS_FROM_PATCHES/patients/S_81_curve_masked
S_82,8,"[792, 313]","[2, 3, 4, 5, 6, 7, 8]",7,0.07989528030157089,0.03992437571287155,0.04951608553528786,0.10131929814815521,65984,ok,/content/PATIENT_RECONSTRUCTED_PREDICTIONS_FROM_PATCHES/patients/S_82_curve_masked
S_83,8,"[741, 241]","[2, 3, 4, 5, 6, 7, 8]",7,0.18193431198596954,0.08799818903207779,0.10855886340141296,0.14542852342128754,71581,ok,/content/PATIENT_RECONSTRUCTED_PREDICTIONS_FROM_PATCHES/patients/S_83_curve_masked
S_84,8,"[846, 241]","[2, 3, 4, 5, 6, 7, 8]",7,0.16980625689029694,0.0788140594959259,0.10239531844854355,0.13558579981327057,74731,ok,/content/PATIENT_RECONSTRUCTED_PREDICTIONS_FROM_PATCHES/patients/S_84_curve_masked
S_85,8,"[818, 442]","[2, 3, 4, 5, 6, 7, 8]",7,0.06695472449064255,0.03251328319311142,0.04014742746949196,0.07342205196619034,70964,ok,/content/PATIENT_RECONSTRUCTED_PREDICTIONS_FROM_PATCHES/patients/S_85_curve_masked
S_87,8,"[857, 367]","[1, 2, 3, 4, 5, 6, 7, 8]",8,0.10799731314182281,0.05315476655960083,0.06466541439294815,0.097493015229702,84148,ok,/content/PATIENT_RECONSTRUCTED_PREDICTIONS_FROM_PATCHES/patients/S_87_curve_masked
S_88,8,"[893, 414]","[2, 3, 4, 5, 6, 7, 8]",7,0.12274682521820068,0.06060437485575676,0.07518257945775986,0.09510724991559982,96020,ok,/content/PATIENT_RECONSTRUCTED_PREDICTIONS_FROM_PATCHES/patients/S_88_curve_masked
S_89,8,"[1029, 369]","[2, 3, 4, 5, 6, 7, 8]",7,0.19272112846374512,0.09355615824460983,0.11634184420108795,0.10887432098388672,122779,ok,/content/PATIENT_RECONSTRUCTED_PREDICTIONS_FROM_PATCHES/patients/S_89_curve_masked
S_90,8,"[771, 236]","[2, 3, 4, 5, 6, 7, 8]",7,0.14171044528484344,0.07041677832603455,0.08694901317358017,0.14694154262542725,72058,ok,/content/PATIENT_RECONSTRUCTED_PREDICTIONS_FROM_PATCHES/patients/S_90_curve_masked
S_91,8,"[1014, 513]","[2, 3, 4, 5, 6, 7, 8]",7,0.13929711282253265,0.06886346638202667,0.08338448405265808,0.1209155023097992,172414,ok,/content/PATIENT_RECONSTRUCTED_PREDICTIONS_FROM_PATCHES/patients/S_91_curve_masked
S_92,8,"[1014, 480]","[1, 2, 3, 4, 5, 6, 7, 8]",8,0.16463936865329742,0.07712976634502411,0.09732753038406372,0.09208007156848907,129505,ok,/content/PATIENT_RECONSTRUCTED_PREDICTIONS_FROM_PATCHES/patients/S_92_curve_masked
S_93,8,"[1029, 525]","[2, 3, 4, 5, 6, 7, 8]",7,0.12215031683444977,0.058076586574316025,0.07400737702846527,0.10217662155628204,153222,ok,/content/PATIENT_RECONSTRUCTED_PREDICTIONS_FROM_PATCHES/patients/S_93_curve_masked
S_94,8,"[975, 306]","[2, 3, 4, 5, 6, 7, 8]",7,0.09972893446683884,0.048198550939559937,0.06079809367656708,0.09732667356729507,78890,ok,/content/PATIENT_RECONSTRUCTED_PREDICTIONS_FROM_PATCHES/patients/S_94_curve_masked
S_95,8,"[839, 377]","[2, 3, 4, 5, 6, 7, 8]",7,0.08579093217849731,0.04044250026345253,0.05087258294224739,0.08885761350393295,75319,ok,/content/PATIENT_RECONSTRUCTED_PREDICTIONS_FROM_PATCHES/patients/S_95_curve_masked
S_96,8,"[1029, 491]","[2, 3, 4, 5, 6, 7, 8]",7,0.12990537285804749,0.06272774189710617,0.07797712087631226,0.0922924280166626,132642,ok,/content/PATIENT_RECONSTRUCTED_PREDICTIONS_FROM_PATCHES/patients/S_96_curve_masked
S_97,8,"[767, 334]","[2, 3, 4, 5, 6, 7, 8]",7,0.11359468847513199,0.05512143298983574,0.06832624971866608,0.11212921887636185,78942,ok,/content/PATIENT_RECONSTRUCTED_PREDICTIONS_FROM_PATCHES/patients/S_97_curve_masked
S_98,8,"[1029, 431]","[1, 2, 3, 4, 5, 6, 7, 8]",8,0.15786640346050262,0.07523123919963837,0.09629224240779877,0.08874710649251938,113388,ok,/content/PATIENT_RECONSTRUCTED_PREDICTIONS_FROM_PATCHES/patients/S_98_curve_masked
