curve_idx,curve_x,curve_y,binary_profile,boundary_profile,intervertebral_profile,concat_mean_profile,separator_profile,vertebral_body_score,gap_score,weighted_concat_profile,binary_profile_smooth,boundary_profile_smooth,intervertebral_profile_smooth,concat_mean_profile_smooth,separator_profile_smooth,vertebral_body_score_smooth,gap_score_smooth,weighted_concat_profile_smooth
0,319.50497,195.0,0.04407533,0.2589351,0.0,0.09386867,0.098211385,0.13692434,0.039298605,0.048266865,0.20117615,0.4465844,0.12268854,0.28058425,0.2868042,0.4227238,0.15997855,0.17695215
1,319.38416,198.40585,0.1542277,0.3901863,0.08557465,0.22447816,0.22995882,0.40912566,0.10941589,0.13884814,0.23131534,0.48197,0.14597808,0.3160606,0.32247275,0.4459637,0.18923983,0.2019413
2,319.00824,201.81172,0.30077562,0.5660049,0.20069367,0.39922908,0.40677446,0.6146711,0.23449321,0.25828987,0.31137407,0.5746514,0.20718099,0.40950766,0.41603395,0.49392453,0.26927412,0.26904452
3,318.35342,205.21758,0.4087565,0.6983154,0.28766233,0.5299511,0.54006547,0.647651,0.35138905,0.34431303,0.41731897,0.6937483,0.28652877,0.53109425,0.53674024,0.5209575,0.3813026,0.35971692
4,317.40082,208.62343,0.556393,0.8592511,0.39485136,0.6960245,0.70315284,0.5689773,0.528808,0.47396192,0.52518934,0.8087744,0.36459798,0.6513132,0.6542995,0.5068008,0.50170267,0.455222
5,316.16592,212.02928,0.6769813,0.98114234,0.4776718,0.8259635,0.8277911,0.4016175,0.69110996,0.58508235,0.61631703,0.8975573,0.42734838,0.74824274,0.7467395,0.46703514,0.60641766,0.5399083
6,314.69324,215.43515,0.73254,1.0,0.49777642,0.86371934,0.8520522,0.37335348,0.74388224,0.6564165,0.67982364,0.950203,0.46828723,0.81099176,0.80410016,0.428061,0.67902714,0.60288477
7,313.0664,218.841,0.7358717,0.9864586,0.5020114,0.86133283,0.84737915,0.38689786,0.74174166,0.66242826,0.71693856,0.9712074,0.48962492,0.8427304,0.8304023,0.4098019,0.7178904,0.64365554
8,311.4387,222.24686,0.73630285,0.98164386,0.5053107,0.86089975,0.8469421,0.38823307,0.74160993,0.6622742,0.73661137,0.97152066,0.49759266,0.8538964,0.83601743,0.41518575,0.732407,0.6699505
9,310.03992,225.65273,0.74623084,0.96523756,0.50157243,0.85681874,0.8352248,0.4235897,0.73704565,0.6843291,0.7482647,0.96060634,0.49773645,0.85424906,0.8300186,0.43906322,0.7334318,0.6910325
10,309.06714,229.05858,0.7570314,0.9468125,0.49585178,0.85148805,0.82102627,0.46674916,0.7306072,0.7094733,0.75789696,0.9444529,0.49392587,0.85012203,0.81839323,0.47541344,0.72850025,0.7126003
11,308.53644,232.46443,0.76676935,0.9285629,0.48968238,0.8456239,0.80661935,0.5108085,0.7231824,0.7331616,0.76729167,0.9268037,0.4886949,0.84473544,0.8049624,0.51683444,0.72172683,0.73502374
12,308.24673,235.8703,0.78141,0.9016494,0.47961086,0.83669853,0.7847084,0.57954407,0.7114294,0.76913387,0.77552813,0.91048163,0.48386967,0.83957815,0.79254997,0.5552237,0.7151389,0.75503606
13,307.8829,239.27615,0.78834,0.88825846,0.47484034,0.83221215,0.77397066,0.61384505,0.70537865,0.7863223,0.780643,0.8983361,0.4811717,0.83569217,0.7839231,0.5816766,0.7101869,0.76777226
14,307.1162,242.682,0.79010606,0.8793124,0.47552532,0.8296178,0.7694408,0.62754977,0.7021837,0.79089373,0.7809227,0.893005,0.48191953,0.83397317,0.78145564,0.58848506,0.7081089,0.7690621
15,305.71817,246.08786,0.7840178,0.8833185,0.48126528,0.8310789,0.7755978,0.60608476,0.70455897,0.7767424,0.775607,0.89561796,0.48643288,0.8346963,0.7859969,0.57289577,0.70924556,0.7572268
16,303.60413,249.49373,0.77186704,0.8962204,0.49097037,0.8352556,0.7894314,0.5599078,0.71053666,0.7483701,0.7651016,0.9057122,0.49412003,0.83760273,0.7968842,0.537323,0.7131493,0.7333854
17,300.88748,252.89958,0.753166,0.91816866,0.50354534,0.8415757,0.81027794,0.49225363,0.71889126,0.70563436,0.75098103,0.92096865,0.5036232,0.8418524,0.8118952,0.489186,0.7186002,0.70143336
18,297.79202,256.30545,0.7335052,0.9423174,0.5164194,0.84851086,0.832558,0.42310488,0.7274148,0.6606545,0.73598635,0.93770486,0.51320606,0.84637594,0.82778734,0.43900734,0.7241838,0.6676834
19,294.5245,259.7113,0.71188325,0.96207166,0.52523196,0.85128486,0.8496101,0.36881438,0.7296949,0.6161145,0.7234628,0.95182043,0.5212542,0.8502266,0.8411676,0.39743823,0.7288189,0.6394347
20,291.19934,263.11716,0.7051843,0.9758637,0.53335977,0.8573647,0.862864,0.33314586,0.7371077,0.59714466,0.7162877,0.9597458,0.5265707,0.85264987,0.84922475,0.37285495,0.7317721,0.6228587
21,287.84998,266.523,0.7045066,0.97009623,0.532038,0.85426223,0.85873973,0.34283522,0.7331848,0.59828466,0.715928,0.9597598,0.52881616,0.8534087,0.8507658,0.36865985,0.73293155,0.6209128
22,284.51828,269.92886,0.7154767,0.9617456,0.5307503,0.8547942,0.85319567,0.36183846,0.73488045,0.61853,0.72205895,0.9521812,0.5283256,0.8526345,0.8461973,0.3835306,0.73248804,0.6327987
23,281.35492,273.33472,0.7296551,0.94492555,0.5283722,0.85278916,0.84217596,0.39670816,0.73359084,0.64660436,0.7331124,0.9391253,0.5259902,0.8509018,0.83730936,0.41229805,0.73105717,0.6549656
24,278.59253,276.7406,0.7472781,0.9188833,0.52146006,0.8466652,0.8229087,0.4558898,0.72676927,0.68516994,0.74695337,0.92401963,0.5229802,0.8491943,0.8268159,0.44715846,0.7297323,0.68247116
25,276.42462,280.14645,0.76111764,0.8991104,0.51757705,0.842744,0.80921185,0.5002459,0.72236526,0.7143467,0.76149553,0.91075337,0.5206666,0.84877986,0.81782544,0.4790277,0.7300415,0.7102156
26,274.79434,283.5523,0.7798339,0.8951233,0.5146588,0.8474619,0.8049921,0.5238835,0.72894746,0.7468215,0.77475476,0.90225506,0.5204139,0.85058063,0.8129055,0.49986807,0.73317415,0.7334998
27,273.39706,286.95816,0.79386866,0.89028966,0.5187009,0.85275173,0.80505174,0.5331487,0.7367626,0.7678189,0.7848607,0.89988387,0.52298564,0.85469747,0.8133368,0.50476843,0.73929816,0.74855506
28,271.8437,290.364,0.79875547,0.8939134,0.52415156,0.8583285,0.8107975,0.5206202,0.74474263,0.7713643,0.7906933,0.90365845,0.5283862,0.8606922,0.81913257,0.49264255,0.74786615,0.7535962
29,269.91327,293.76987,0.7960812,0.90787476,0.53497565,0.8671607,0.82598704,0.4772207,0.7571773,0.75709707,0.79262275,0.9124589,0.5357033,0.86790097,0.8290447,0.46690792,0.7579889,0.7500415
30,267.64624,297.17572,0.79135334,0.9233032,0.54534626,0.87557745,0.84168637,0.43158776,0.76883537,0.7394876,0.79259515,0.9237774,0.543321,0.87545395,0.8405686,0.43549448,0.76849604,0.7425805
31,265.23193,300.5816,0.78684115,0.94358385,0.55609787,0.88617074,0.8603565,0.3785194,0.783223,0.7208025,0.7932041,0.9340474,0.5493173,0.88219464,0.8503996,0.40893343,0.7778466,0.73737663
32,262.8569,303.98746,0.78913045,0.95300645,0.5591223,0.8920571,0.8676852,0.35969764,0.791259,0.72028863,0.79682094,0.93961287,0.5521369,0.8869887,0.8554338,0.39712882,0.7845467,0.7400379
33,260.5766,307.3933,0.79717964,0.95015377,0.55591947,0.89285344,0.8639048,0.3737485,0.79258806,0.7357224,0.80457884,0.9381053,0.5512645,0.8891368,0.8539959,0.40550634,0.78767323,0.7532573
34,258.31897,310.79916,0.8136477,0.93764687,0.5494367,0.8918461,0.85249186,0.4134593,0.79176056,0.7688856,0.8161845,0.92908794,0.54717547,0.8885374,0.84616673,0.4341222,0.78704363,0.77638537
35,255.98148,314.20502,0.8276465,0.92424977,0.5432866,0.8896299,0.84080887,0.4538832,0.7889949,0.79814214,0.8304583,0.91372603,0.5408165,0.8855628,0.83324355,0.47931877,0.7830564,0.80668616
36,253.47655,317.61087,0.8499407,0.889531,0.5323274,0.8802894,0.8139316,0.54480577,0.7762383,0.8487162,0.8457754,0.89461726,0.53322494,0.8810158,0.8173858,0.5345889,0.776692,0.8403116
37,250.78423,321.01672,0.8609826,0.8722596,0.52521276,0.8749592,0.7994258,0.59490806,0.76846766,0.87481314,0.86089,0.8746502,0.52537197,0.87594056,0.8008698,0.5929179,0.76933503,0.8739849
38,247.99847,324.4226,0.8747452,0.85445523,0.5173214,0.87019247,0.7840919,0.65062517,0.76114,0.90583485,0.8745098,0.85617095,0.5180682,0.8710822,0.78556025,0.6478973,0.7620653,0.90458584
39,245.37161,327.82846,0.8932254,0.8322687,0.50743306,0.8647623,0.7649465,0.72328275,0.7522653,0.94663715,0.8847713,0.8408363,0.5122146,0.8667175,0.77299726,0.69306093,0.7554619,0.92820024
40,243.23337,331.2343,0.904601,0.82040113,0.5024167,0.8625619,0.75489205,0.76382667,0.7482762,0.97066265,0.88874096,0.8302884,0.508713,0.8626912,0.7647142,0.72095126,0.74956393,0.9392187
41,241.80273,334.64017,0.9044469,0.8201943,0.50775146,0.86454874,0.75841886,0.7527079,0.7516917,0.96721035,0.88367414,0.82586,0.5079131,0.85857886,0.7616943,0.7261412,0.74393165,0.93274355
42,241.06816,338.04602,0.87928826,0.8137935,0.50441843,0.85061115,0.7525675,0.7494943,0.73288685,0.9308614,0.86927044,0.82821995,0.5096517,0.8544625,0.76419955,0.7076529,0.73865086,0.9082344
43,240.7051,341.45187,0.85195315,0.8216111,0.5086391,0.84450084,0.7598164,0.70491934,0.7256796,0.8829701,0.84783244,0.8367988,0.5132095,0.8507472,0.7714211,0.670029,0.73409814,0.8699256
44,240.16145,344.85773,0.81785196,0.85706323,0.5223861,0.8505317,0.78900677,0.5944613,0.7350768,0.81176674,0.82325625,0.8481089,0.51696426,0.84694797,0.7803028,0.62534636,0.72941124,0.82584643
45,238.90094,348.2636,0.7930883,0.87735015,0.5282178,0.8510729,0.80432117,0.53462064,0.7356628,0.7639286,0.7986706,0.85624605,0.51852566,0.84100133,0.78591454,0.58986384,0.721674,0.78386664
46,236.70575,351.66946,0.7762201,0.8744538,0.5232446,0.84119153,0.7993077,0.53665596,0.7218159,0.740889,0.77541095,0.85625494,0.5161106,0.83074933,0.7842706,0.575161,0.7080207,0.7484067
47,233.8329,355.07532,0.7560304,0.8554019,0.51346254,0.8216094,0.78198594,0.5678114,0.69532865,0.71945906,0.75436324,0.84779537,0.5101187,0.8165693,0.7754538,0.5811414,0.6891095,0.7207119
48,230.84369,358.48117,0.7288748,0.83332187,0.50116247,0.7970293,0.7612535,0.599474,0.66269404,0.6892456,0.7381315,0.8347115,0.5028789,0.8019675,0.76320165,0.5995653,0.6697548,0.7025561
49,228.26552,361.88702,0.70331573,0.8117371,0.4889348,0.7733137,0.7408471,0.62789464,0.631923,0.6614021,0.73269176,0.82262063,0.49787018,0.79296434,0.7530277,0.6208988,0.6580014,0.6999312
50,226.358,365.29288,0.6973713,0.7908608,0.47784054,0.7581688,0.72161037,0.6688019,0.6125681,0.6638384,0.7443149,0.816274,0.4983128,0.79524875,0.74978447,0.6382016,0.66133565,0.7196669
51,225.10318,368.69873,0.7493674,0.8082201,0.4964498,0.79330575,0.74401337,0.66083413,0.658159,0.7307948,0.77441424,0.81608814,0.50467527,0.809739,0.7540248,0.6515258,0.6809225,0.7636201
52,224.32048,372.1046,0.8178622,0.8406568,0.5255552,0.84524816,0.7820055,0.6141947,0.7285595,0.8138555,0.81655264,0.8176658,0.5141126,0.83097094,0.76134956,0.6670918,0.70947266,0.8243806
53,223.76764,375.51047,0.8935591,0.8347073,0.5362201,0.87736845,0.7859635,0.6588576,0.773114,0.9289909,0.85886824,0.81566757,0.52283245,0.85055846,0.76618695,0.68976474,0.7358074,0.88673407
54,223.25862,378.91632,0.91595614,0.80202,0.52566135,0.8690404,0.7604945,0.7557368,0.75976115,0.97898734,0.89118624,0.8098628,0.530468,0.864199,0.7681575,0.71145636,0.7544103,0.93480515
55,222.69551,382.32217,0.92448264,0.7858956,0.51987314,0.86369336,0.747535,0.80404496,0.75119233,1.0,0.90767074,0.8028712,0.5387156,0.8712853,0.769883,0.71943325,0.7647812,0.9576509
56,222.0516,385.72803,0.9249498,0.801205,0.5472853,0.8809449,0.7748033,0.7175639,0.77884275,0.9802611,0.90566295,0.7949482,0.5471774,0.8706986,0.7712344,0.7105838,0.76566637,0.95123065
57,221.35652,389.13388,0.92826086,0.7961646,0.57195294,0.89010745,0.7888297,0.6752791,0.79473627,0.97168493,0.8816399,0.78142625,0.5505537,0.85705006,0.76598585,0.6984252,0.74964815,0.914327
58,220.67712,392.53973,0.8957922,0.8191598,0.603388,0.8988799,0.8231382,0.5457852,0.81094354,0.89531446,0.83346117,0.7555004,0.5416647,0.82389873,0.745434,0.70448565,0.70774436,0.8495884
59,220.20952,395.94562,0.7697416,0.72004443,0.5228202,0.7767563,0.712761,0.76167333,0.640488,0.76858115,0.7675485,0.7174899,0.5213776,0.77428377,0.71034914,0.73058635,0.64428806,0.7666039
60,220.21454,399.35147,0.6539992,0.6348967,0.45398813,0.6690174,0.6181994,0.8601896,0.506366,0.64763653,0.7002118,0.67677397,0.50099015,0.72297907,0.6736843,0.75782657,0.579042,0.6820806
61,220.97662,402.75732,0.58398473,0.6099266,0.4447751,0.6273964,0.5979602,0.8088183,0.46103054,0.5481905,0.64974403,0.64535236,0.4950072,0.68787897,0.6520465,0.7634054,0.5352603,0.61327505
62,222.68744,406.16318,0.5945083,0.62375635,0.4870439,0.65400815,0.6345454,0.7484654,0.49382484,0.5357079,0.62418956,0.62702,0.50942665,0.6761084,0.65165067,0.7431737,0.52159464,0.56837064
63,225.15579,409.56903,0.612578,0.6167663,0.53741634,0.6785548,0.66503304,0.7068768,0.5258057,0.53534436,0.6193774,0.6172884,0.53914654,0.68217045,0.66650605,0.7089384,0.53061,0.5449567
64,227.70064,412.97488,0.63362986,0.6178507,0.58573383,0.70669717,0.6986283,0.6578372,0.56247026,0.5389986,0.62488616,0.609538,0.57415736,0.69525987,0.68608063,0.67367905,0.54866445,0.53421545
65,229.45457,416.38077,0.6390969,0.61329937,0.6223013,0.7216696,0.7210527,0.6141426,0.58323205,0.5264592,0.6326405,0.59860957,0.6051763,0.70638245,0.70115435,0.6500438,0.5642789,0.53025424
66,229.94296,419.78662,0.64259785,0.5844675,0.6517586,0.72331786,0.72505885,0.6086384,0.58821607,0.5210714,0.6416219,0.58446777,0.62850744,0.7136407,0.70918405,0.64134884,0.57515186,0.5337214
67,229.38792,423.19247,0.6359297,0.56730264,0.6466456,0.7117555,0.7119792,0.6309767,0.57434386,0.517799,0.6577239,0.5707418,0.64736235,0.72212106,0.71438974,0.64156634,0.5880944,0.5511271
68,228.46017,426.59833,0.63239276,0.53676546,0.63153833,0.6921103,0.68460566,0.6871019,0.55059874,0.5288688,0.6899806,0.56397015,0.6703224,0.7414722,0.72628325,0.63524824,0.6159102,0.58997816
69,227.78372,430.00418,0.69541526,0.51982623,0.65810645,0.7211305,0.6932828,0.73478913,0.58758956,0.61685157,0.7423994,0.56859046,0.70460564,0.77795035,0.75227165,0.60626066,0.6673087,0.6511453
70,227.62022,433.41003,0.82759,0.60894865,0.7669934,0.85302055,0.81741273,0.52055436,0.76700884,0.73845536,0.80694944,0.5813742,0.74742454,0.82594466,0.7886481,0.55663395,0.7349977,0.72436816
71,227.97917,436.8159,0.9288718,0.61990714,0.83263236,0.9240733,0.8683504,0.42126533,0.8752169,0.8565123,0.86670685,0.5941967,0.78764284,0.87100124,0.8232706,0.5054049,0.79906553,0.79156005
72,228.7215,440.22177,0.94228536,0.6053188,0.8370603,0.92537266,0.8632241,0.4439892,0.8780035,0.87867045,0.90798664,0.6004485,0.8153971,0.90107375,0.8457127,0.47223613,0.8423346,0.8386289
73,229.6594,443.62762,0.94157165,0.6003662,0.83633685,0.9228204,0.85996354,0.45422903,0.87426555,0.87918884,0.9274829,0.600416,0.82866883,0.9141497,0.85475594,0.46097663,0.86131656,0.86148876
74,230.66776,447.03348,0.94168955,0.59709984,0.8374125,0.9219924,0.85887325,0.45782283,0.87322664,0.8795169,0.928103,0.5968445,0.830035,0.91351646,0.8536936,0.46609175,0.86032957,0.8625114
75,231.67879,450.43933,0.94115585,0.59426004,0.8389126,0.9212442,0.8583112,0.45938575,0.87234056,0.8784471,0.9118906,0.5910163,0.8210904,0.90113974,0.8443308,0.48442882,0.842074,0.84365493
76,232.722,453.84518,0.9078659,0.58752686,0.82026476,0.89780843,0.84181774,0.49472046,0.8363279,0.83862096,0.8795182,0.5839327,0.8024852,0.8779475,0.8276708,0.51265365,0.80804765,0.80534536
77,233.91837,457.25104,0.85379595,0.57567185,0.78694344,0.85816497,0.8124447,0.5516503,0.77697176,0.7760118,0.8336303,0.5762851,0.7757897,0.84589964,0.8051719,0.54595864,0.7615649,0.75065374
78,235.46037,460.6569,0.7710764,0.56914574,0.74106675,0.80419123,0.77747613,0.59109104,0.69935393,0.67427725,0.78200716,0.56986153,0.7457589,0.81071764,0.78107953,0.57628536,0.7111472,0.68859327
79,237.50648,464.06277,0.69927573,0.5499496,0.69456774,0.74926937,0.73500484,0.63836163,0.62490004,0.5933554,0.73631513,0.56817055,0.71998096,0.78149396,0.76253474,0.5932325,0.66952324,0.63219714
80,240.10075,467.46863,0.66475874,0.55147296,0.6743233,0.72800374,0.7220337,0.63655597,0.5967528,0.5505391,0.7069754,0.5746485,0.7054429,0.76655483,0.75622743,0.5891863,0.64784366,0.5929061
81,243.1755,470.87448,0.673121,0.5847935,0.68882763,0.75044733,0.7505503,0.57843745,0.6246327,0.5468193,0.6980139,0.5896769,0.7046405,0.76865774,0.7640748,0.5640561,0.64960146,0.5754955
82,246.60332,474.28033,0.6978741,0.61075395,0.7113199,0.779689,0.7804094,0.52792376,0.6627516,0.56604564,0.7072433,0.6095309,0.715013,0.7844182,0.7822477,0.5260013,0.67025054,0.57896584
83,250.21844,477.6862,0.71644676,0.6336177,0.7292008,0.803383,0.80539006,0.4803185,0.6942408,0.5790308,0.73061013,0.62856215,0.73220116,0.80821943,0.8046145,0.48572347,0.702605,0.60092276
84,253.75189,481.09204,0.7486999,0.67046785,0.75457275,0.8411204,0.8432985,0.4041674,0.7456006,0.60574704,0.7649586,0.64082056,0.7525604,0.8349687,0.8253628,0.45391035,0.7402164,0.6400348
85,256.8573,484.4979,0.7915176,0.66785985,0.77159035,0.86397964,0.85346067,0.3995721,0.7796869,0.6639794,0.8075126,0.6432935,0.77441365,0.8616835,0.84166485,0.43491104,0.7792645,0.6936539
86,259.2651,487.90378,0.8613778,0.6223458,0.78837144,0.88040763,0.83949286,0.47628662,0.807211,0.77577674,0.8528498,0.63840276,0.7971121,0.8869065,0.8544305,0.4229438,0.8175143,0.75297505
87,260.93607,491.30963,0.92451864,0.62837046,0.83127207,0.92517173,0.8721494,0.40719157,0.87643796,0.84836316,0.89306635,0.6319466,0.8192757,0.90924484,0.8659565,0.40862608,0.852257,0.80487454
88,262.08438,494.71548,0.9488303,0.6191548,0.8478555,0.9378259,0.87832385,0.3977172,0.8973105,0.8790901,0.92157084,0.6286166,0.8391545,0.927241,0.8776686,0.38599014,0.88068193,0.8388086
89,263.0226,498.12134,0.94739807,0.62260294,0.85637873,0.9420357,0.88606936,0.3718377,0.9043517,0.8707683,0.93661445,0.6297802,0.8559388,0.9404194,0.8897784,0.3546152,0.90175045,0.85216105
90,264.0607,501.5272,0.9454115,0.630013,0.8704441,0.94982034,0.89981216,0.32629937,0.91715026,0.857214,0.9407403,0.6353297,0.8706982,0.95017976,0.9029558,0.3146367,0.91742975,0.8483428
91,265.4406,504.93304,0.9441384,0.6512466,0.88239694,0.962568,0.9198348,0.26073658,0.9367543,0.8427058,0.93627787,0.6437963,0.8843999,0.9572522,0.91704047,0.26877818,0.928718,0.830821
92,267.2941,508.3389,0.9406373,0.64396816,0.89935654,0.96503663,0.92734826,0.23542283,0.94217575,0.82856697,0.92326725,0.6540916,0.89632535,0.9609312,0.93093383,0.22169377,0.934308,0.8003643
93,269.59906,511.74478,0.9177783,0.65949047,0.9168563,0.9690962,0.9479676,0.16450992,0.94824004,0.7777913,0.89999914,0.66553867,0.9040471,0.9592937,0.9426006,0.17979112,0.93099546,0.75590587
94,272.18085,515.15063,0.8892676,0.68800896,0.92475736,0.9722553,0.96929336,0.09406871,0.95058936,0.7207287,0.86563164,0.676278,0.9046146,0.9500823,0.9489873,0.152012,0.91528976,0.6983655
95,274.8407,518.55646,0.8254235,0.698654,0.909158,0.94477415,0.9645892,0.10069159,0.90367454,0.62628025,0.8231967,0.683615,0.8974904,0.9332169,0.9482218,0.14400515,0.8874547,0.6335436
96,277.44345,521.96234,0.76951075,0.69203377,0.88413334,0.90979975,0.94380504,0.1489678,0.8479548,0.5543993,0.77998316,0.68602574,0.8863118,0.91245323,0.94193614,0.15191136,0.85387015,0.5711651
97,279.96854,525.3682,0.7093731,0.675897,0.8533012,0.8670168,0.9137396,0.210798,0.78319764,0.48168126,0.7463518,0.6849004,0.87824714,0.8953485,0.9358012,0.16180335,0.82652736,0.5229638
98,282.49335,528.77405,0.69015366,0.68206584,0.85465175,0.86234325,0.91810775,0.19470136,0.77482104,0.44883198,0.73104274,0.68088406,0.87982607,0.88825977,0.93463564,0.1624093,0.8154597,0.49867213
99,285.1234,532.17993,0.7059644,0.69974494,0.8795559,0.88566834,0.94498736,0.13379063,0.8077686,0.4544091,0.73783934,0.6720648,0.89349174,0.89291054,0.9390394,0.15264839,0.8237032,0.5032727
100,287.9725,535.58575,0.74414164,0.66256875,0.90733474,0.89716434,0.9431863,0.14564285,0.830963,0.5071454,0.7640049,0.6564998,0.91669065,0.9064116,0.9461839,0.138992,0.8470418,0.5344541
101,291.09216,538.99164,0.8034322,0.638539,0.95227575,0.9292005,0.9604467,0.1094743,0.8852853,0.57971406,0.80157536,0.63445807,0.94342077,0.9232916,0.95212114,0.1302622,0.87678546,0.5831704
102,294.4432,542.39746,0.8534365,0.61275405,0.98473334,0.9518397,0.9682034,0.093482845,0.9256908,0.64559007,0.8409648,0.6089886,0.9672024,0.9383513,0.9541305,0.13257197,0.90412474,0.637413
103,297.85477,545.80334,0.898944,0.5743931,1.0,0.96079254,0.9571976,0.1325504,0.94508916,0.71789646,0.87354285,0.5838809,0.9834059,0.94780755,0.9511678,0.14781879,0.9223665,0.68537974
104,301.09457,549.2092,0.91591513,0.5477113,0.9995805,0.95674604,0.94200605,0.18298618,0.94107115,0.75161827,0.8946408,0.5629944,0.991221,0.9510138,0.944836,0.17091759,0.929911,0.7192096
105,304.06796,552.61505,0.9143083,0.5381573,0.99469894,0.95033807,0.933336,0.2099734,0.9313796,0.7543819,0.90340734,0.548575,0.9921847,0.9491407,0.93743896,0.1949797,0.9283989,0.7360636
106,306.90793,556.02094,0.9084408,0.5367217,0.99059886,0.94578314,0.92973465,0.21989647,0.92403865,0.7479199,0.9008414,0.53989094,0.9875404,0.9427918,0.9294169,0.21802892,0.91907346,0.7369468
107,309.893,559.42676,0.9034359,0.533888,0.98782057,0.94154227,0.92625475,0.22951536,0.91739565,0.7423617,0.88671064,0.53451496,0.9762263,0.9304807,0.91868895,0.24439585,0.9001417,0.7227321
108,313.21268,562.83264,0.89377487,0.5369286,0.9843861,0.9375259,0.9256084,0.22905113,0.91061306,0.7283763,0.8581211,0.52984947,0.95461756,0.90856564,0.9013289,0.2816691,0.8666507,0.69167286
109,316.85007,566.23846,0.8431905,0.5228041,0.9439792,0.895538,0.8901298,0.31914347,0.8447805,0.6761833,0.8128639,0.5245391,0.9196857,0.8744134,0.87451226,0.3327289,0.8154641,0.64244163
110,320.7056,569.64435,0.76295024,0.5201711,0.88406575,0.83850276,0.8477522,0.40015438,0.7578366,0.5860069,0.7541662,0.5190125,0.87294465,0.830089,0.83951193,0.39186877,0.75040704,0.579134
111,324.6844,573.05023,0.6831927,0.5093755,0.81818086,0.77601457,0.7967377,0.47838822,0.66858333,0.50223774,0.6920697,0.5154777,0.8217219,0.78341234,0.8025642,0.44622687,0.6832487,0.51267976
112,328.72543,576.45605,0.6004168,0.5047238,0.74785835,0.7130022,0.7461254,0.52511257,0.5836883,0.4148852,0.64166474,0.51756275,0.777895,0.74660486,0.7738055,0.4818872,0.6308784,0.4589007
113,332.73206,579.86194,0.5343758,0.50308764,0.6877424,0.6619561,0.7041665,0.5445961,0.51892084,0.34713525,0.6185394,0.52921826,0.7544057,0.7326406,0.76427895,0.48776,0.61029905,0.43367916
114,336.57706,583.26776,0.5732305,0.534659,0.71191806,0.69974405,0.7383093,0.5167707,0.56378657,0.3863539,0.63118887,0.55265516,0.75895005,0.7488703,0.7804741,0.45612648,0.6312855,0.4452639
115,340.17868,586.67365,0.65868604,0.57179755,0.77173495,0.772607,0.79989666,0.45405996,0.657769,0.4764412,0.67557234,0.5854794,0.78916794,0.7917808,0.8194423,0.38772845,0.68982357,0.48926526
116,343.52036,590.07947,0.74006563,0.6386456,0.83654416,0.85770327,0.8814889,0.30214092,0.77413857,0.54975003,0.7379896,0.6207337,0.8344916,0.84889936,0.87008154,0.29337314,0.7702415,0.55208266
117,346.72638,593.48535,0.81480265,0.67376554,0.89334637,0.9242744,0.9398903,0.16872413,0.8736785,0.62515223,0.8029344,0.64973956,0.88248354,0.90559757,0.91905206,0.19373429,0.852832,0.6188104
118,349.9821,596.89124,0.9010386,0.7046097,0.9561491,0.9961274,1.0,0.0,0.98878884,0.71619266,0.8573035,0.66604483,0.9227946,0.94992995,0.9556835,0.11355284,0.91971433,0.6765387
119,353.4804,600.29706,0.9300522,0.667979,0.9734608,1.0,0.991357,0.027691774,1.0,0.76063776,0.8931386,0.6701662,0.94985974,0.9767014,0.9764648,0.065554775,0.96158636,0.71590376
120,357.31,603.70294,0.92654103,0.66113937,0.9722404,0.9953779,0.986703,0.042442348,0.99292564,0.75747865,0.90891033,0.666896,0.9632497,0.98704356,0.9837802,0.048831828,0.9784601,0.73356825
121,361.38123,607.10876,0.9175166,0.6625875,0.97169054,0.9921318,0.9871365,0.04065875,0.9872427,0.74313134,0.90775025,0.6612417,0.9654904,0.98521656,0.9821513,0.054289706,0.9759724,0.73173904
122,365.47906,610.51465,0.9095034,0.65568525,0.97088975,0.9858542,0.9827339,0.0540977,0.9774304,0.7325826,0.89268506,0.6552808,0.95830786,0.9739488,0.9739175,0.076456524,0.95815885,0.71366036
123,369.35562,613.92053,0.89626944,0.6566318,0.9684685,0.9799788,0.9816096,0.05678198,0.967389,0.7128168,0.8647905,0.6494262,0.9417015,0.95383465,0.95930886,0.114217065,0.9260657,0.68094
124,372.85168,617.32635,0.8355262,0.6348778,0.92345977,0.92904735,0.93872696,0.17636397,0.8859598,0.64916706,0.82682085,0.6458148,0.9175402,0.92757416,0.94079494,0.15984663,0.8840383,0.6362876
125,375.95618,620.73224,0.76764745,0.6294612,0.87456834,0.8802406,0.9023199,0.25831416,0.8095279,0.5725675,0.7848324,0.64694643,0.89070916,0.9005368,0.9231078,0.20059091,0.8405307,0.58572596
126,378.75748,624.13806,0.7294496,0.64122224,0.85133326,0.8603995,0.89302576,0.26881588,0.7777583,0.5232321,0.74641395,0.6543068,0.86725426,0.8787618,0.9112054,0.22443579,0.8049843,0.5372494
127,381.40854,627.54395,0.70267403,0.66810447,0.8418935,0.85667145,0.90159774,0.23819867,0.76864165,0.4799146,0.71703917,0.66519165,0.8505803,0.8647158,0.90590155,0.23129074,0.7814782,0.49813062
128,384.0242,630.94977,0.6843888,0.69859755,0.83889323,0.8603493,0.9165834,0.19666888,0.7699051,0.4452637,0.6993523,0.67314047,0.8408185,0.8569268,0.903677,0.23212364,0.76834035,0.47406653
129,386.68878,634.35565,0.6713809,0.6928488,0.8270514,0.84812695,0.90528685,0.21905825,0.75232744,0.43324533,0.6954616,0.6728968,0.83797807,0.85414076,0.9016016,0.23600385,0.76412654,0.4696829
130,389.4436,637.76154,0.6784187,0.67078125,0.8254067,0.84146655,0.8918365,0.25278938,0.74546105,0.4508156,0.70693856,0.6635244,0.84298766,0.85698247,0.89978623,0.24373604,0.76979685,0.48713666
131,392.318,641.16736,0.7146503,0.6506447,0.84391457,0.8552883,0.8932242,0.26287353,0.7688509,0.5019619,0.73323715,0.64887285,0.85672975,0.8671239,0.9009841,0.24796851,0.7874603,0.5240816
132,395.3759,644.57324,0.7615128,0.6146222,0.86586165,0.868385,0.88808584,0.2935909,0.7930154,0.57176894,0.7704201,0.63511246,0.8783205,0.88510424,0.9080386,0.23928924,0.817341,0.5732981
133,398.68228,647.97906,0.8198282,0.6115127,0.90598875,0.9064652,0.9137461,0.24360257,0.8525303,0.6406185,0.81119865,0.6267465,0.90390646,0.90827143,0.9208344,0.21489204,0.8549491,0.62446624
134,402.2384,651.38495,0.8740471,0.62517315,0.94768375,0.950234,0.9498449,0.15101856,0.9215857,0.6979093,0.84725904,0.6246671,0.927728,0.93136024,0.93593717,0.18160558,0.8919421,0.6676846
135,405.88318,654.7908,0.8966391,0.62622637,0.9622459,0.96549577,0.9603757,0.12239379,0.94670665,0.7246314,0.8726992,0.6266604,0.94477445,0.9491275,0.9486894,0.15125176,0.9201859,0.6971825
136,409.31668,658.19666,0.8956433,0.6301071,0.9610303,0.96616244,0.9617137,0.11812972,0.94736767,0.72284454,0.88653415,0.63038105,0.9535492,0.9596451,0.956759,0.13094868,0.93672204,0.7128825
137,412.23993,661.60254,0.89414436,0.6344264,0.958305,0.9662004,0.9622659,0.11623097,0.94692093,0.72107375,0.8918171,0.6348947,0.9560231,0.96454644,0.9609694,0.119694486,0.9441522,0.71865773
138,414.4721,665.00836,0.8932357,0.63719124,0.95503,0.96563375,0.96157426,0.11824117,0.94564015,0.7209556,0.89211416,0.6398892,0.95497775,0.96624255,0.9630458,0.11357235,0.946345,0.7185477
139,415.964,668.41425,0.8922346,0.64446336,0.9517595,0.9668323,0.9634037,0.11248552,0.9467768,0.71958685,0.8889071,0.64488876,0.9519785,0.9657605,0.96379095,0.1107475,0.94498086,0.71406555
140,416.7096,671.82007,0.89070994,0.6551836,0.9507756,0.97011244,0.9687206,0.0959787,0.9509874,0.715148,0.881023,0.64849055,0.94647527,0.9618518,0.96204567,0.11418888,0.9382336,0.70402783
141,416.76898,675.22595,0.88408285,0.6559674,0.9501101,0.96751255,0.968704,0.09531524,0.94656134,0.7048402,0.8651909,0.6491202,0.9357065,0.9514777,0.95504475,0.13052137,0.92151254,0.6853118
142,416.36356,678.6318,0.8613984,0.6572085,0.93842256,0.95427847,0.9614175,0.11449192,0.92446077,0.6756552,0.8383668,0.64569277,0.9159838,0.9315157,0.9396641,0.16629893,0.8902645,0.6556012
143,415.9594,682.03766,0.81749755,0.64019406,0.9026316,0.9156498,0.92747605,0.20424351,0.86385566,0.63196164,0.800334,0.639352,0.8851318,0.90146744,0.9150574,0.22118191,0.84409535,0.6156014
144,416.26135,685.44354,0.7585406,0.61452824,0.85398144,0.8624148,0.8799219,0.3137783,0.7839289,0.57432777,0.75526106,0.63257116,0.84401625,0.86433136,0.8831973,0.28808448,0.78801084,0.57079864
145,417.9006,688.84937,0.6861906,0.63373697,0.800763,0.81992996,0.85431683,0.3443773,0.7186602,0.4872557,0.7111907,0.6264821,0.7964687,0.82530284,0.847332,0.3593918,0.7302554,0.531347
146,421.01068,692.25525,0.6468534,0.6259694,0.73776263,0.7759492,0.80696326,0.4301562,0.65702116,0.46516666,0.6764207,0.6200445,0.74846023,0.78966606,0.81095743,0.4302929,0.678781,0.5070293
147,425.08463,695.6611,0.6383219,0.6199823,0.6847518,0.7489749,0.7674249,0.5114266,0.6203322,0.48545676,0.65585065,0.61146146,0.7067455,0.7613584,0.77768147,0.49730644,0.6389817,0.5019396
148,429.26944,699.06696,0.6361607,0.5981594,0.6535722,0.72694016,0.7339457,0.58306557,0.59218043,0.5063978,0.6513925,0.60194004,0.67758256,0.7441253,0.7524511,0.5536148,0.61536,0.51499677
149,432.85867,702.4728,0.63477975,0.5852198,0.6383396,0.7151353,0.7163171,0.6203497,0.5772774,0.51666886,0.6645685,0.5946708,0.6650027,0.7414598,0.7398013,0.5923732,0.61200356,0.5453767
150,435.52414,705.87866,0.65902996,0.5734275,0.64146996,0.7213619,0.7118669,0.654152,0.5855488,0.5561434,0.6979655,0.59347767,0.6706886,0.75659466,0.7430169,0.60759383,0.6330984,0.595225
151,437.24567,709.28455,0.70930624,0.58293164,0.66479665,0.7545586,0.7331028,0.652166,0.6283339,0.61940694,0.75154924,0.6000158,0.69308025,0.7895542,0.76195747,0.59686285,0.6790501,0.6650359
152,438.15866,712.69037,0.8266352,0.6212675,0.7309903,0.84317863,0.7997127,0.5703581,0.7498758,0.75591755,0.81809825,0.611476,0.7258981,0.8338233,0.7907662,0.5660602,0.74155974,0.747864
153,438.52982,716.09625,0.91477025,0.633787,0.77747005,0.90195054,0.83844113,0.50912356,0.83694965,0.86441857,0.88461703,0.6228401,0.75988525,0.87850916,0.8203197,0.52821296,0.8057286,0.8299532
154,438.69604,719.5021,0.98187417,0.6408084,0.8128364,0.9456863,0.86651033,0.45152715,0.90490943,0.9476556,0.93802047,0.6299316,0.78646225,0.9132895,0.842427,0.49838293,0.85653603,0.8967866
155,438.93973,722.90796,0.998768,0.6354986,0.817168,0.9520437,0.8665016,0.45932588,0.9149555,0.97313225,0.9725108,0.63216096,0.80197686,0.9341542,0.85426515,0.4843158,0.8874108,0.94153255
156,439.4209,726.3138,0.99981517,0.6300257,0.8124505,0.9483915,0.86022335,0.48143172,0.90894496,0.97901297,0.9901032,0.63110304,0.8076068,0.94300765,0.8575181,0.48522592,0.9005167,0.9662868
157,440.18677,729.71967,0.9988551,0.6288281,0.8085,0.94595164,0.8568571,0.4925526,0.90482295,0.98019373,0.996878,0.6288795,0.80696744,0.9445703,0.85583943,0.4950241,0.90259564,0.97797775
158,441.1897,733.12555,0.9986501,0.6237626,0.8039129,0.94201404,0.85089546,0.5129612,0.8984077,0.98390704,0.9988042,0.6272914,0.80360824,0.9433635,0.8526587,0.50698626,0.9003571,0.9834758
159,442.3385,736.5314,0.9989579,0.62379396,0.79858774,0.9400224,0.84727716,0.52557117,0.8947665,0.98764014,0.9991739,0.6270398,0.79963064,0.94182175,0.8498024,0.51699466,0.897559,0.98655343
160,443.5163,739.93726,0.9994968,0.62735486,0.79401493,0.93983346,0.8461442,0.5297558,0.8938833,0.9904188,0.9989527,0.62857676,0.7963499,0.9410368,0.84842104,0.52166,0.8959659,0.98783016
161,444.61057,743.3431,0.99976397,0.6300568,0.791878,0.9401659,0.84619457,0.5297239,0.89409184,0.9914879,0.9961201,0.63096434,0.79327905,0.9396325,0.8476581,0.52245295,0.8935799,0.9846246
162,445.50912,746.74896,0.99966127,0.6350597,0.7911401,0.94182855,0.84848547,0.52178013,0.89645255,0.9905534,0.9856092,0.63169396,0.7876808,0.9334893,0.8442434,0.52530015,0.88452935,0.9711756
163,446.086,750.1548,0.9996764,0.6332229,0.7922929,0.9415613,0.84824646,0.52261114,0.8962088,0.99032205,0.95961046,0.627179,0.77442855,0.91600716,0.83267295,0.5399413,0.859472,0.93908983
164,446.1543,753.56067,0.9744357,0.65913326,0.79980314,0.94482875,0.8678484,0.44361478,0.9018726,0.93932754,0.91223747,0.61294425,0.7480094,0.8808454,0.8066832,0.579194,0.80949205,0.8834804
165,445.4324,756.96655,0.8648172,0.6092119,0.7287812,0.85273224,0.79146993,0.62126,0.76290464,0.82083887,0.84679174,0.5892725,0.7089377,0.82964104,0.7667829,0.64124614,0.7374069,0.8092067
166,443.59912,760.3724,0.73078966,0.5160083,0.6247949,0.7204295,0.66840607,0.834794,0.58274674,0.69429713,0.77923465,0.56498444,0.66776896,0.7765095,0.7251065,0.7034973,0.66317487,0.73301166
167,440.49487,763.77826,0.64343977,0.5059088,0.5798394,0.6635467,0.6320702,0.815555,0.513143,0.58552074,0.73013014,0.55182785,0.63929325,0.74026525,0.6983146,0.73887986,0.6124807,0.67564553
168,436.32056,767.1841,0.6760778,0.5481377,0.610252,0.70559996,0.676425,0.7536193,0.5643169,0.6084558,0.7093028,0.5539609,0.6304943,0.7292832,0.6934987,0.73982644,0.59620434,0.6474274
169,431.94153,770.58997,0.71150345,0.5732708,0.6392753,0.74138296,0.71028095,0.7101244,0.60984564,0.64084196,0.71080005,0.5651167,0.63641745,0.7367033,0.70377463,0.7207632,0.6048346,0.64346224
170,428.70087,773.9958,0.7390492,0.59039813,0.6612273,0.7679959,0.73483676,0.67509836,0.6448331,0.6669902,0.71984625,0.57609075,0.6465513,0.7487482,0.71682405,0.6992486,0.6201649,0.6489566
171,427.75458,777.4017,0.74826866,0.5976705,0.6692633,0.7777934,0.744386,0.6589046,0.65792686,0.67494506,0.7239485,0.57900196,0.6517929,0.75364333,0.7220291,0.69077444,0.6265975,0.65155804
172,429.3136,780.80756,0.7379301,0.5923416,0.66552985,0.7700438,0.73886,0.6638485,0.6477956,0.6621108,0.7197846,0.5704513,0.64938676,0.7476036,0.71560967,0.7022928,0.6190665,0.6485049
173,432.50748,784.2134,0.69980955,0.56387955,0.63961774,0.7330974,0.7052686,0.7105369,0.599877,0.62435883,0.71472317,0.5520466,0.644022,0.7360872,0.70166546,0.72960013,0.6049873,0.6482403
174,435.99976,787.61926,0.6709136,0.537919,0.6206081,0.70359194,0.67778724,0.74471426,0.56304914,0.5964275,0.72294354,0.5292488,0.6453881,0.7308099,0.68986285,0.76221687,0.59976494,0.6660279
175,438.78537,791.0251,0.67117536,0.4469159,0.58780795,0.6542441,0.604556,0.91432655,0.50232345,0.6391053,0.7571703,0.51209027,0.66439503,0.74521995,0.6932549,0.77899504,0.6211843,0.7129585
176,440.51608,794.43097,0.7897671,0.4878786,0.67753094,0.7538164,0.68869835,0.84695596,0.62833863,0.76260954,0.81650794,0.50545335,0.70252323,0.781501,0.7155799,0.768587,0.67227566,0.7855137
177,441.33307,797.8368,0.95640206,0.5498994,0.8066092,0.8967111,0.8114746,0.62114173,0.8332367,0.9332205,0.88368505,0.5058957,0.74842095,0.8268449,0.7471643,0.74057925,0.73568606,0.86404246
178,441.54578,801.2427,0.9876698,0.4938405,0.8152724,0.8902689,0.7860736,0.72787446,0.82403755,0.99127257,0.9382659,0.50662076,0.78707653,0.8643772,0.7739619,0.71349865,0.7884889,0.9269241
179,441.4764,804.64856,0.9895328,0.510015,0.8243165,0.90108657,0.8012841,0.67739695,0.8410081,0.98475635,0.9709486,0.5042686,0.81122684,0.8861392,0.7891369,0.6989064,0.8194608,0.96464497
180,441.29837,808.0544,0.99071896,0.50074285,0.8272878,0.89904344,0.79813313,0.68896294,0.83835113,0.9870902,0.986017,0.5003539,0.82372385,0.8955863,0.7954825,0.6936308,0.83321023,0.9818957
181,441.0909,811.46027,0.9920638,0.49540165,0.8303508,0.8986707,0.7972408,0.69294786,0.8381503,0.98865956,0.9912877,0.49550864,0.82920456,0.89794546,0.7965179,0.69490576,0.8369595,0.98810124
182,440.86716,814.8661,0.99321353,0.48710123,0.83374643,0.8971707,0.7949223,0.7016838,0.8363406,0.9904392,0.99267054,0.49179167,0.8313386,0.8978656,0.79589856,0.69796765,0.8370696,0.98990154
183,440.62512,818.272,0.99390155,0.4866686,0.8344701,0.8975618,0.7951748,0.7013054,0.836982,0.9911953,0.99325955,0.49171647,0.8319327,0.89830816,0.7962621,0.69713783,0.8377742,0.9904924
184,440.3713,821.6778,0.99406576,0.47865662,0.8333222,0.8939685,0.7899154,0.719432,0.8315353,0.9941143,0.9934907,0.49712166,0.83095896,0.90017056,0.79861677,0.6892447,0.8403778,0.99013394
185,440.12433,825.0837,0.9935165,0.5008745,0.83020127,0.9013772,0.8001959,0.6838485,0.8420555,0.98972064,0.9924598,0.50891954,0.8282412,0.9033859,0.8033518,0.67237353,0.84478503,0.98727465
186,439.91916,828.48956,0.99318284,0.52202654,0.8259757,0.9080052,0.8091269,0.6530618,0.85126835,0.9866045,0.98721164,0.5246294,0.82243705,0.9052462,0.8081649,0.65159714,0.84710294,0.9786484
187,439.8188,831.8954,0.99320847,0.5503257,0.8199513,0.9169129,0.82082224,0.6130627,0.8635872,0.9834112,0.97142404,0.5380739,0.81030995,0.89946616,0.8073954,0.6386504,0.83855534,0.9577017
188,439.93417,835.3013,0.9920175,0.57694453,0.81829184,0.92640716,0.8345592,0.5653824,0.87735707,0.9760309,0.9372395,0.54202247,0.78733176,0.87821007,0.7939124,0.6475867,0.8083053,0.9164904
189,440.3545,838.7071,0.92987263,0.56801724,0.7907348,0.8870103,0.8107573,0.6062099,0.8177257,0.89636457,0.8807371,0.5320641,0.75055206,0.83697134,0.76323754,0.68512774,0.7506629,0.8516676
190,441.02765,842.113,0.8119588,0.51124376,0.7041232,0.78263605,0.7199069,0.78345984,0.6677858,0.77589875,0.80861825,0.511165,0.7041808,0.78129315,0.7199023,0.7399694,0.67416126,0.77057856
191,441.58926,845.5188,0.67280275,0.4494298,0.6079703,0.66395205,0.61972636,0.88138235,0.5156212,0.6287619,0.73830235,0.48923123,0.6602741,0.72690636,0.6776716,0.7881793,0.6006289,0.6910999
192,441.3256,848.9247,0.6356164,0.45972374,0.5954871,0.6482237,0.6169538,0.8387386,0.49755543,0.5748245,0.68639666,0.474679,0.6305051,0.68846905,0.6492172,0.8133399,0.54943377,0.63041663
193,439.40146,852.33057,0.63619137,0.46771076,0.6041501,0.6551041,0.6273303,0.8167558,0.5061715,0.56849563,0.65892273,0.4694386,0.6184946,0.670604,0.6380894,0.81633025,0.52585,0.5954073
194,435.55905,855.7364,0.6420897,0.4677985,0.61458355,0.6616628,0.6345029,0.8084628,0.5145296,0.5714682,0.65084165,0.4700987,0.61971116,0.66812575,0.63928884,0.8076221,0.5224791,0.5816715
195,430.6067,859.1423,0.65318805,0.47581676,0.629522,0.6752659,0.64918154,0.78940713,0.5313817,0.57800883,0.65430725,0.47253993,0.62774324,0.6736935,0.6461365,0.79702157,0.529506,0.5816727
196,426.1003,862.5481,0.6631366,0.47783542,0.64106005,0.6846549,0.658187,0.78085786,0.54325086,0.5862661,0.66533226,0.4749067,0.6390219,0.683548,0.65515935,0.7886945,0.54207665,0.5917126
197,423.33383,865.954,0.6685677,0.48062512,0.6492311,0.6912025,0.6653243,0.7708147,0.5516239,0.58921826,0.685874,0.47722885,0.6541214,0.6987122,0.666766,0.78095394,0.56202304,0.6145411
198,422.5634,869.3598,0.6708725,0.4737479,0.64931315,0.6894089,0.66153854,0.7822212,0.5495324,0.59450775,0.7221973,0.48220026,0.6773828,0.72449875,0.68542516,0.7662301,0.59681076,0.65679663
199,423.10712,872.7657,0.731621,0.45273998,0.66935015,0.7132867,0.6634835,0.84815043,0.57883394,0.68386245,0.7777698,0.49344313,0.7126081,0.7652583,0.7157562,0.73301977,0.65282375,0.7207784
200,424.05795,876.1716,0.85360605,0.51908034,0.76380986,0.82624346,0.7650365,0.6909366,0.73153377,0.80366254,0.8457393,0.50982624,0.75628245,0.8163979,0.7547274,0.68148965,0.72420084,0.79802907
201,424.809,879.5774,0.97553426,0.56134063,0.8475757,0.9252874,0.8458364,0.5180895,0.8796358,0.93578583,0.9099149,0.5253909,0.7976749,0.86478364,0.79168355,0.6280119,0.7926149,0.87084913
202,425.15088,882.9833,0.99412763,0.5387654,0.84921557,0.9243518,0.834345,0.5673187,0.87834126,0.96982276,0.95653164,0.53456545,0.8270505,0.89880294,0.8168652,0.5910913,0.8413114,0.92468846
203,425.10452,886.3891,0.99579066,0.5361887,0.850378,0.92445123,0.8336992,0.57048297,0.8786138,0.9723828,0.9824314,0.5374584,0.84248525,0.91646945,0.8290197,0.5748561,0.86683464,0.9556804
204,424.8,889.795,0.99719214,0.5368157,0.8503684,0.92525756,0.83404297,0.570105,0.87977904,0.9744609,0.9933205,0.5375744,0.8483666,0.9232146,0.8331,0.57064563,0.876663,0.9693505
205,424.33395,893.20087,0.9975669,0.5354552,0.85032517,0.92484665,0.8332534,0.57303274,0.8791606,0.97541463,0.99576724,0.5373385,0.8493107,0.9244748,0.8336128,0.5707906,0.87850446,0.97271657
206,423.7775,896.6067,1.0,0.5326028,0.84949046,0.92434573,0.83109003,0.58188295,0.8782671,0.9804847,0.992609,0.53796417,0.8478707,0.92288804,0.8329791,0.57097375,0.87606424,0.96842855
207,423.2055,900.0126,0.99532366,0.5441756,0.846857,0.9260486,0.8357569,0.56316006,0.8805143,0.9718406,0.98179305,0.5378811,0.8431554,0.9166509,0.8297132,0.57360977,0.8669012,0.9541543
208,422.7302,903.4184,0.98447144,0.54179955,0.8449613,0.92000735,0.8331353,0.56591076,0.8715418,0.956347,0.9573187,0.5329652,0.8307205,0.8999441,0.8184771,0.58786374,0.8430918,0.9240877
209,422.54623,906.8243,0.9620592,0.54683995,0.8448937,0.9130413,0.83590484,0.5438485,0.8615703,0.9195698,0.9115383,0.5172599,0.80341345,0.86447644,0.7910594,0.625446,0.7940108,0.87190884
210,422.93253,910.2301,0.8980097,0.5271486,0.808471,0.8650427,0.80003667,0.61860263,0.7894029,0.844923,0.8390672,0.48558795,0.75464046,0.8033951,0.74006635,0.6892664,0.71264446,0.79435873
211,424.11722,913.636,0.7504967,0.45183712,0.6990778,0.73234034,0.68327606,0.8188607,0.6049603,0.6958996,0.7429568,0.4380755,0.68478775,0.7181235,0.6658318,0.7638187,0.60430425,0.69601625
212,426.10892,917.0419,0.63122237,0.37868235,0.6012319,0.6163918,0.5756044,0.9228554,0.46247098,0.58413625,0.6337131,0.38110796,0.60188913,0.61861813,0.57740813,0.8203234,0.48529327,0.5870972
213,428.34613,920.4477,0.5132416,0.30571556,0.5041048,0.5013221,0.46852854,0.93968475,0.3384707,0.4739418,0.5253736,0.32527724,0.51853186,0.5197447,0.48930636,0.83529097,0.3753047,0.47961625
214,429.5597,923.8536,0.3745323,0.23890518,0.3977262,0.37673622,0.35857517,0.8275904,0.22487438,0.33497977,0.43135887,0.27985787,0.4467651,0.43538183,0.4149343,0.80973786,0.2883135,0.38525912
215,428.28278,927.2594,0.31723332,0.2342973,0.3634596,0.33832029,0.33260506,0.7293602,0.19549681,0.26605028,0.36086833,0.24859947,0.3935244,0.37347218,0.36112177,0.7638811,0.22913375,0.31348136
216,423.9167,930.6653,0.29040614,0.22597817,0.34325865,0.31621218,0.3141653,0.68612874,0.1788691,0.2378219,0.31757185,0.22973184,0.35978016,0.33516216,0.3275425,0.72396827,0.194932,0.26995015
217,417.4363,934.0711,0.26952866,0.21725768,0.33070287,0.2993741,0.30072123,0.64928544,0.1669022,0.21446988,0.3011958,0.22004236,0.3429401,0.3180238,0.31063196,0.71024954,0.18016408,0.2565988
218,410.96234,937.477,0.27512416,0.20550308,0.32668963,0.29531085,0.29141474,0.6715854,0.1628571,0.22867708,0.31250414,0.22006886,0.3425559,0.32239792,0.31038442,0.7307368,0.18375514,0.27478293
219,406.43433,940.8829,0.29220808,0.195905,0.31023178,0.291727,0.27481616,0.7299964,0.15680592,0.26819938,0.35557437,0.23529547,0.3634582,0.35403353,0.3331617,0.7810405,0.21173432,0.32668704
220,404.53995,944.2887,0.3659338,0.21382852,0.3455353,0.34243754,0.30893263,0.8711707,0.19191724,0.359326,0.43137658,0.2709274,0.41004613,0.41715455,0.38487518,0.8416123,0.27085218,0.40989342
221,404.70242,947.6946,0.5325226,0.3188432,0.47339326,0.502,0.4548932,1.0,0.33464503,0.52010614,0.5322099,0.3250177,0.4791337,0.5066344,0.4622618,0.8853389,0.3600183,0.5145955
222,405.8388,951.1004,0.6524694,0.39887527,0.5678626,0.6196155,0.56410134,0.9797743,0.4614616,0.6333193,0.64153284,0.38706335,0.55782455,0.60651916,0.5506493,0.89387596,0.46610147,0.62496966
223,407.0221,954.5063,0.80318576,0.4880291,0.68165505,0.7608839,0.6915982,0.85332274,0.6373589,0.781361,0.7388712,0.44234794,0.6285051,0.6957164,0.62979066,0.8719456,0.56660753,0.7228577
224,407.79947,957.9121,0.8700994,0.517889,0.72614276,0.8173099,0.7386533,0.78336877,0.71467435,0.85314643,0.8102422,0.4816089,0.6791574,0.76014036,0.6863064,0.8405217,0.64280117,0.79565924
225,408.0924,961.318,0.8819936,0.50872356,0.726273,0.8184519,0.7336222,0.8093639,0.71580034,0.87419194,0.85196334,0.5042208,0.70696956,0.79694724,0.71792716,0.8161645,0.68801147,0.8393972
226,407.99136,964.7239,0.87925225,0.51787645,0.72305083,0.81972593,0.7365352,0.79802495,0.7172556,0.86957103,0.87051255,0.5157543,0.717516,0.81317633,0.7315708,0.8024479,0.70853424,0.85959226
227,407.62222,968.1297,0.8792832,0.52039057,0.72029656,0.81964225,0.7360591,0.7994951,0.7168076,0.87068796,0.8760241,0.52280295,0.71899277,0.8187833,0.73651665,0.79499424,0.7156356,0.8657199
228,407.10788,971.5356,0.8757566,0.5290606,0.7159747,0.8199705,0.73795164,0.79057896,0.71686304,0.86560977,0.8756062,0.52857333,0.7168975,0.82008433,0.7383094,0.78939354,0.7171284,0.86492634
229,406.55768,974.9414,0.87373906,0.5354866,0.7142381,0.82103777,0.7403556,0.78152174,0.71817225,0.86189705,0.8717291,0.53370374,0.71341944,0.8191957,0.73880076,0.78415394,0.7156917,0.85964096
230,406.07877,978.3473,0.87134683,0.5414987,0.71110773,0.8212333,0.74157685,0.7757161,0.7181384,0.85854167,0.8618547,0.53616714,0.7071646,0.8137369,0.73590624,0.78147614,0.7083723,0.84718007
231,405.7549,981.7531,0.86904716,0.54247046,0.70696425,0.81904775,0.73929065,0.7805133,0.7147566,0.8571831,0.83897954,0.5319099,0.69359803,0.79748005,0.7242653,0.78566235,0.68751913,0.8201829
232,405.6607,985.159,0.8609365,0.5507646,0.71115106,0.8207935,0.7467826,0.7510088,0.7178395,0.83972156,0.7936315,0.5147161,0.6653673,0.76122147,0.6953855,0.80071515,0.64268655,0.7696182
233,405.93506,988.5649,0.75892055,0.5218449,0.65808725,0.74729604,0.69439733,0.7989761,0.61882496,0.717207,0.7210735,0.4789688,0.6168367,0.6985743,0.64228123,0.82421416,0.5685196,0.6927778
234,406.90353,991.9707,0.6393587,0.44443324,0.56534475,0.6315707,0.5878321,0.9078187,0.47558066,0.60291016,0.6233166,0.42287415,0.547131,0.60927576,0.5633529,0.83800197,0.4694283,0.5938276
235,408.8623,995.3766,0.5240114,0.36458302,0.47498506,0.5175066,0.48153138,0.93593043,0.35142636,0.4944459,0.50828147,0.3501118,0.46128866,0.49997202,0.46409598,0.81206363,0.35887104,0.48136896
236,412.01788,998.7824,0.37304354,0.26156193,0.3574881,0.36911878,0.3437586,0.8433416,0.21523085,0.351655,0.38794583,0.2699151,0.3693525,0.38314724,0.35652554,0.72912574,0.2529632,0.3660313
237,415.94037,1002.1883,0.27018574,0.18922205,0.27911985,0.26783338,0.24984083,0.6982263,0.138776,0.2538642,0.27654532,0.19374654,0.2833382,0.27386597,0.25524846,0.59971493,0.16478705,0.26028085
238,419.35934,1005.5941,0.11579391,0.0835428,0.15886375,0.115913995,0.10869929,0.35554153,0.048850156,0.107970886,0.19440001,0.13687298,0.21961251,0.19288087,0.1799679,0.4732703,0.10573005,0.1826578
239,420.73474,1009.0,0.0,0.0,0.068012066,0.0,0.0,0.0,0.0,0.0,0.163724,0.115593605,0.195807,0.16261864,0.15182716,0.42020756,0.08483082,0.15368545
